Time,Force,Displacement,Optical Displacement,Mechanical Displacement
(s),(lbf),(in),(in),(in)
"0.000","23","0.0001","0.00000","0.00000"
"0.100","27","0.0002","0.00000","0.00001"
"0.200","32","0.0004","0.00004","0.00001"
"0.300","36","0.0005","0.00007","0.00002"
"0.400","38","0.0007","0.00013","0.00002"
"0.500","37","0.0009","0.00016","0.00002"
"0.600","39","0.0010","0.00017","0.00002"
"0.700","41","0.0012","0.00020","0.00003"
"0.800","43","0.0014","0.00024","0.00003"
"0.900","44","0.0015","0.00027","0.00004"
"1.000","45","0.0017","0.00031","0.00004"
"1.100","47","0.0019","0.00036","0.00004"
"1.200","48","0.0020","0.00041","0.00004"
"1.300","49","0.0022","0.00046","0.00005"
"1.400","51","0.0024","0.00050","0.00005"
"1.500","52","0.0025","0.00054","0.00005"
"1.600","53","0.0027","-0.00037","0.00005"
"1.700","53","0.0029","-0.00082","0.00005"
"1.800","53","0.0030","-0.00085","0.00005"
"1.900","53","0.0032","-0.00085","0.00005"
"2.000","54","0.0034","-0.00080","0.00005"
"2.100","54","0.0035","-0.00080","0.00005"
"2.200","55","0.0037","-0.00076","0.00005"
"2.300","55","0.0039","-0.00072","0.00005"
"2.400","56","0.0040","-0.00071","0.00005"
"2.500","56","0.0042","-0.00069","0.00005"
"2.600","57","0.0044","-0.00068","0.00005"
"2.700","58","0.0045","-0.00063","0.00006"
"2.800","59","0.0047","-0.00061","0.00006"
"2.900","59","0.0049","-0.00058","0.00006"
"3.000","60","0.0050","-0.00055","0.00006"
"3.100","60","0.0052","-0.00051","0.00006"
"3.200","61","0.0054","-0.00049","0.00006"
"3.300","61","0.0055","-0.00044","0.00006"
"3.400","62","0.0057","-0.00040","0.00006"
"3.500","63","0.0059","-0.00038","0.00006"
"3.600","63","0.0060","-0.00035","0.00006"
"3.700","64","0.0062","-0.00032","0.00006"
"3.800","65","0.0064","-0.00029","0.00006"
"3.900","65","0.0065","-0.00026","0.00007"
"4.000","66","0.0067","-0.00022","0.00007"
"4.100","67","0.0069","-0.00019","0.00007"
"4.200","68","0.0070","-0.00015","0.00007"
"4.300","69","0.0072","-0.00010","0.00007"
"4.400","70","0.0074","-0.00007","0.00007"
"4.500","72","0.0075","-0.00003","0.00007"
"4.600","73","0.0077","-0.00001","0.00007"
"4.700","74","0.0079","0.00003","0.00008"
"4.800","75","0.0080","0.00006","0.00008"
"4.900","76","0.0082","0.00011","0.00008"
"5.000","78","0.0084","0.00013","0.00008"
"5.100","79","0.0085","0.00016","0.00008"
"5.200","80","0.0087","0.00020","0.00009"
"5.300","82","0.0089","0.00023","0.00009"
"5.400","83","0.0090","0.00027","0.00009"
"5.500","84","0.0092","0.00031","0.00009"
"5.600","86","0.0094","0.00035","0.00009"
"5.700","87","0.0095","0.00039","0.00010"
"5.800","88","0.0097","0.00044","0.00010"
"5.900","90","0.0099","0.00047","0.00010"
"6.000","91","0.0100","0.00051","0.00010"
"6.100","92","0.0102","-0.00009","0.00011"
"6.200","94","0.0104","-0.00090","0.00011"
"6.300","95","0.0105","-0.00085","0.00011"
"6.400","96","0.0107","-0.00086","0.00011"
"6.500","98","0.0109","-0.00081","0.00012"
"6.600","99","0.0110","-0.00084","0.00012"
"6.700","100","0.0112","-0.00073","0.00012"
"6.800","101","0.0114","-0.00075","0.00012"
"6.900","103","0.0115","-0.00077","0.00012"
"7.000","104","0.0117","-0.00076","0.00013"
"7.100","105","0.0119","-0.00071","0.00013"
"7.200","106","0.0120","-0.00071","0.00013"
"7.300","108","0.0122","-0.00069","0.00013"
"7.400","109","0.0124","-0.00065","0.00013"
"7.500","110","0.0125","-0.00061","0.00014"
"7.600","111","0.0127","-0.00059","0.00014"
"7.700","112","0.0129","-0.00059","0.00014"
"7.800","114","0.0130","-0.00057","0.00014"
"7.900","115","0.0132","-0.00054","0.00015"
"8.000","116","0.0134","-0.00052","0.00015"
"8.100","117","0.0135","-0.00049","0.00015"
"8.200","119","0.0137","-0.00046","0.00015"
"8.300","120","0.0139","-0.00043","0.00015"
"8.400","121","0.0140","-0.00039","0.00015"
"8.500","122","0.0142","-0.00036","0.00016"
"8.600","124","0.0144","-0.00032","0.00016"
"8.700","125","0.0145","-0.00028","0.00016"
"8.800","126","0.0147","-0.00025","0.00016"
"8.900","128","0.0149","-0.00021","0.00016"
"9.000","129","0.0150","-0.00017","0.00017"
"9.100","130","0.0152","-0.00013","0.00017"
"9.200","132","0.0154","-0.00008","0.00017"
"9.300","133","0.0155","-0.00005","0.00017"
"9.400","134","0.0157","0.00000","0.00017"
"9.500","136","0.0159","0.00003","0.00018"
"9.600","137","0.0160","0.00008","0.00018"
"9.700","138","0.0162","0.00013","0.00018"
"9.800","140","0.0164","0.00020","0.00018"
"9.900","141","0.0165","0.00025","0.00019"
"10.000","143","0.0167","0.00029","0.00019"
"10.100","144","0.0169","0.00033","0.00019"
"10.200","146","0.0170","0.00038","0.00019"
"10.300","147","0.0172","0.00042","0.00019"
"10.400","149","0.0174","0.00048","0.00020"
"10.500","150","0.0175","0.00053","0.00020"
"10.600","152","0.0177","-0.00002","0.00020"
"10.700","153","0.0179","-0.00059","0.00020"
"10.800","155","0.0180","-0.00090","0.00021"
"10.900","156","0.0182","-0.00085","0.00021"
"11.000","158","0.0184","-0.00083","0.00021"
"11.100","160","0.0185","-0.00080","0.00021"
"11.200","162","0.0187","-0.00076","0.00022"
"11.300","163","0.0189","-0.00079","0.00022"
"11.400","165","0.0190","-0.00077","0.00022"
"11.500","167","0.0192","-0.00073","0.00022"
"11.600","168","0.0194","-0.00072","0.00022"
"11.700","170","0.0195","-0.00065","0.00023"
"11.800","172","0.0197","-0.00067","0.00023"
"11.900","174","0.0199","-0.00061","0.00023"
"12.000","176","0.0200","-0.00059","0.00024"
"12.100","177","0.0202","-0.00056","0.00024"
"12.200","179","0.0204","-0.00054","0.00024"
"12.300","181","0.0205","-0.00054","0.00024"
"12.400","183","0.0207","-0.00052","0.00025"
"12.500","185","0.0209","-0.00048","0.00025"
"12.600","187","0.0210","-0.00046","0.00025"
"12.700","189","0.0212","-0.00043","0.00025"
"12.800","191","0.0214","-0.00038","0.00026"
"12.900","193","0.0215","-0.00036","0.00026"
"13.000","195","0.0217","-0.00031","0.00026"
"13.100","197","0.0219","-0.00028","0.00027"
"13.200","199","0.0220","-0.00023","0.00027"
"13.300","201","0.0222","-0.00021","0.00027"
"13.400","203","0.0224","-0.00018","0.00027"
"13.500","205","0.0225","-0.00013","0.00028"
"13.600","207","0.0227","-0.00009","0.00028"
"13.700","209","0.0229","-0.00003","0.00028"
"13.800","211","0.0230","0.00000","0.00029"
"13.900","213","0.0232","0.00005","0.00029"
"14.000","215","0.0234","0.00010","0.00029"
"14.100","217","0.0235","0.00015","0.00030"
"14.200","219","0.0237","0.00021","0.00030"
"14.300","222","0.0239","0.00025","0.00030"
"14.400","224","0.0240","0.00030","0.00031"
"14.500","226","0.0242","0.00035","0.00031"
"14.600","228","0.0244","0.00039","0.00031"
"14.700","231","0.0245","0.00044","0.00032"
"14.800","233","0.0247","0.00049","0.00032"
"14.900","235","0.0249","0.00054","0.00032"
"15.000","237","0.0250","0.00058","0.00033"
"15.100","240","0.0252","0.00049","0.00033"
"15.200","242","0.0254","-0.00067","0.00033"
"15.300","244","0.0255","-0.00069","0.00034"
"15.400","247","0.0257","-0.00081","0.00034"
"15.500","249","0.0259","-0.00077","0.00034"
"15.600","252","0.0260","-0.00076","0.00035"
"15.700","254","0.0262","-0.00078","0.00035"
"15.800","257","0.0264","-0.00072","0.00035"
"15.900","259","0.0265","-0.00071","0.00036"
"16.000","261","0.0267","-0.00067","0.00036"
"16.100","264","0.0269","-0.00068","0.00036"
"16.200","266","0.0270","-0.00066","0.00037"
"16.300","269","0.0272","-0.00064","0.00037"
"16.400","271","0.0274","-0.00057","0.00038"
"16.500","274","0.0275","-0.00058","0.00038"
"16.600","276","0.0277","-0.00053","0.00038"
"16.700","279","0.0279","-0.00051","0.00039"
"16.800","281","0.0280","-0.00053","0.00039"
"16.900","284","0.0282","-0.00051","0.00039"
"17.000","287","0.0284","-0.00047","0.00040"
"17.100","289","0.0285","-0.00044","0.00040"
"17.200","292","0.0287","-0.00041","0.00041"
"17.300","294","0.0289","-0.00038","0.00041"
"17.400","297","0.0290","-0.00035","0.00041"
"17.500","299","0.0292","-0.00031","0.00042"
"17.600","302","0.0294","-0.00027","0.00042"
"17.700","305","0.0295","-0.00025","0.00043"
"17.800","307","0.0297","-0.00021","0.00043"
"17.900","310","0.0299","-0.00018","0.00043"
"18.000","312","0.0300","-0.00013","0.00044"
"18.100","315","0.0302","-0.00010","0.00044"
"18.200","317","0.0304","-0.00007","0.00044"
"18.300","320","0.0305","-0.00003","0.00045"
"18.400","323","0.0307","0.00001","0.00045"
"18.500","325","0.0309","0.00005","0.00046"
"18.600","328","0.0310","0.00008","0.00046"
"18.700","331","0.0312","0.00011","0.00046"
"18.800","333","0.0314","0.00014","0.00047"
"18.900","336","0.0315","0.00017","0.00047"
"19.000","339","0.0317","0.00021","0.00047"
"19.100","341","0.0319","0.00025","0.00048"
"19.200","344","0.0320","0.00028","0.00048"
"19.300","347","0.0322","0.00033","0.00049"
"19.400","349","0.0324","0.00038","0.00049"
"19.500","352","0.0325","0.00043","0.00049"
"19.600","355","0.0327","0.00047","0.00050"
"19.700","357","0.0329","0.00051","0.00050"
"19.800","360","0.0330","0.00054","0.00050"
"19.900","363","0.0332","0.00057","0.00051"
"20.000","366","0.0334","0.00062","0.00051"
"20.100","368","0.0335","0.00066","0.00051"
"20.200","371","0.0337","0.00070","0.00052"
"20.300","374","0.0339","0.00074","0.00052"
"20.400","377","0.0340","0.00067","0.00053"
"20.500","380","0.0342","0.00014","0.00053"
"20.600","383","0.0344","-0.00039","0.00053"
"20.700","385","0.0345","-0.00063","0.00054"
"20.800","388","0.0347","-0.00070","0.00054"
"20.900","391","0.0349","-0.00065","0.00054"
"21.000","394","0.0350","-0.00067","0.00055"
"21.100","397","0.0352","-0.00065","0.00055"
"21.200","399","0.0354","-0.00064","0.00056"
"21.300","402","0.0355","-0.00061","0.00056"
"21.400","405","0.0357","-0.00058","0.00056"
"21.500","408","0.0359","-0.00057","0.00057"
"21.600","411","0.0360","-0.00056","0.00057"
"21.700","414","0.0362","-0.00055","0.00057"
"21.800","416","0.0364","-0.00054","0.00058"
"21.900","419","0.0365","-0.00052","0.00058"
"22.000","422","0.0367","-0.00050","0.00058"
"22.100","425","0.0369","-0.00049","0.00059"
"22.200","428","0.0370","-0.00046","0.00059"
"22.300","431","0.0372","-0.00044","0.00060"
"22.400","434","0.0374","-0.00042","0.00060"
"22.500","437","0.0375","-0.00040","0.00060"
"22.600","440","0.0377","-0.00038","0.00061"
"22.700","443","0.0379","-0.00036","0.00061"
"22.800","445","0.0380","-0.00035","0.00061"
"22.900","449","0.0382","-0.00031","0.00062"
"23.000","452","0.0384","-0.00028","0.00062"
"23.100","455","0.0385","-0.00025","0.00062"
"23.200","458","0.0387","-0.00023","0.00063"
"23.300","461","0.0389","-0.00021","0.00063"
"23.400","464","0.0390","-0.00018","0.00063"
"23.500","467","0.0392","-0.00017","0.00064"
"23.600","470","0.0394","-0.00014","0.00064"
"23.700","473","0.0395","-0.00012","0.00065"
"23.800","476","0.0397","-0.00008","0.00065"
"23.900","480","0.0399","-0.00007","0.00065"
"24.000","483","0.0400","-0.00004","0.00066"
"24.100","486","0.0402","-0.00002","0.00066"
"24.200","489","0.0404","0.00001","0.00067"
"24.300","492","0.0405","0.00003","0.00067"
"24.400","495","0.0407","0.00006","0.00067"
"24.500","499","0.0409","0.00010","0.00068"
"24.600","502","0.0410","0.00012","0.00068"
"24.700","505","0.0412","0.00016","0.00068"
"24.800","508","0.0414","0.00018","0.00069"
"24.900","511","0.0415","0.00021","0.00069"
"25.000","515","0.0417","0.00025","0.00070"
"25.100","518","0.0419","0.00027","0.00070"
"25.200","521","0.0420","0.00032","0.00070"
"25.300","524","0.0422","0.00035","0.00070"
"25.400","527","0.0424","0.00038","0.00071"
"25.500","530","0.0425","0.00040","0.00071"
"25.600","534","0.0427","0.00044","0.00072"
"25.700","537","0.0429","0.00047","0.00072"
"25.800","540","0.0430","0.00050","0.00072"
"25.900","544","0.0432","0.00054","0.00073"
"26.000","547","0.0434","0.00057","0.00073"
"26.100","550","0.0435","0.00060","0.00074"
"26.200","554","0.0437","0.00065","0.00074"
"26.300","557","0.0439","0.00068","0.00074"
"26.400","561","0.0440","0.00072","0.00075"
"26.500","564","0.0442","0.00072","0.00075"
"26.600","567","0.0444","0.00076","0.00076"
"26.700","571","0.0445","0.00078","0.00076"
"26.800","574","0.0447","0.00082","0.00076"
"26.900","577","0.0449","0.00086","0.00077"
"27.000","581","0.0450","0.00071","0.00077"
"27.100","584","0.0452","0.00011","0.00077"
"27.200","588","0.0454","-0.00032","0.00078"
"27.300","591","0.0455","-0.00057","0.00078"
"27.400","595","0.0457","-0.00056","0.00079"
"27.500","598","0.0459","-0.00055","0.00079"
"27.600","602","0.0460","-0.00051","0.00079"
"27.700","605","0.0462","-0.00051","0.00080"
"27.800","609","0.0464","-0.00047","0.00080"
"27.900","612","0.0465","-0.00050","0.00081"
"28.000","616","0.0467","-0.00047","0.00081"
"28.100","619","0.0469","-0.00047","0.00081"
"28.200","623","0.0470","-0.00044","0.00082"
"28.300","627","0.0472","-0.00043","0.00082"
"28.400","631","0.0474","-0.00042","0.00083"
"28.500","634","0.0475","-0.00041","0.00083"
"28.600","638","0.0477","-0.00034","0.00083"
"28.700","642","0.0479","-0.00036","0.00084"
"28.800","645","0.0480","-0.00036","0.00084"
"28.900","649","0.0482","-0.00034","0.00085"
"29.000","653","0.0484","-0.00035","0.00085"
"29.100","657","0.0485","-0.00033","0.00085"
"29.200","660","0.0487","-0.00031","0.00086"
"29.300","664","0.0489","-0.00026","0.00086"
"29.400","668","0.0490","-0.00027","0.00086"
"29.500","672","0.0492","-0.00024","0.00087"
"29.600","675","0.0494","-0.00022","0.00087"
"29.700","680","0.0495","-0.00020","0.00088"
"29.800","683","0.0497","-0.00016","0.00088"
"29.900","687","0.0499","-0.00014","0.00089"
"30.000","691","0.0500","-0.00011","0.00089"
"30.100","695","0.0502","-0.00009","0.00089"
"30.200","699","0.0504","-0.00007","0.00090"
"30.300","703","0.0505","-0.00006","0.00090"
"30.400","707","0.0507","-0.00002","0.00091"
"30.500","711","0.0509","0.00000","0.00091"
"30.600","715","0.0510","0.00003","0.00091"
"30.700","719","0.0512","0.00005","0.00092"
"30.800","723","0.0514","0.00008","0.00092"
"30.900","727","0.0515","0.00010","0.00093"
"31.000","731","0.0517","0.00012","0.00093"
"31.100","735","0.0519","0.00013","0.00094"
"31.200","739","0.0520","0.00017","0.00094"
"31.300","743","0.0522","0.00020","0.00095"
"31.400","748","0.0524","0.00022","0.00095"
"31.500","752","0.0525","0.00025","0.00095"
"31.600","756","0.0527","0.00028","0.00096"
"31.700","760","0.0529","0.00031","0.00096"
"31.800","764","0.0530","0.00033","0.00097"
"31.900","768","0.0532","0.00037","0.00097"
"32.000","772","0.0534","0.00040","0.00097"
"32.100","776","0.0535","0.00042","0.00098"
"32.200","781","0.0537","0.00045","0.00098"
"32.300","785","0.0539","0.00049","0.00099"
"32.400","789","0.0540","0.00052","0.00099"
"32.500","793","0.0542","0.00055","0.00099"
"32.600","797","0.0544","0.00057","0.00100"
"32.700","801","0.0545","0.00060","0.00100"
"32.800","806","0.0547","0.00063","0.00101"
"32.900","810","0.0549","0.00067","0.00101"
"33.000","814","0.0550","0.00071","0.00102"
"33.100","819","0.0552","0.00074","0.00102"
"33.200","823","0.0554","0.00078","0.00103"
"33.300","827","0.0555","0.00082","0.00103"
"33.400","832","0.0557","0.00085","0.00104"
"33.500","836","0.0559","0.00091","0.00104"
"33.600","841","0.0560","0.00094","0.00104"
"33.700","845","0.0562","0.00098","0.00105"
"33.800","850","0.0564","0.00101","0.00105"
"33.900","854","0.0565","0.00105","0.00106"
"34.000","858","0.0567","0.00101","0.00106"
"34.100","862","0.0569","0.00037","0.00106"
"34.200","867","0.0570","0.00007","0.00107"
"34.300","872","0.0572","-0.00042","0.00108"
"34.400","876","0.0574","-0.00025","0.00108"
"34.500","880","0.0575","-0.00036","0.00108"
"34.600","885","0.0577","-0.00035","0.00109"
"34.700","889","0.0579","-0.00031","0.00109"
"34.800","894","0.0580","-0.00030","0.00110"
"34.900","899","0.0582","-0.00046","0.00110"
"35.000","903","0.0584","-0.00043","0.00111"
"35.100","908","0.0585","-0.00029","0.00111"
"35.200","912","0.0587","-0.00027","0.00111"
"35.300","917","0.0589","-0.00024","0.00112"
"35.400","921","0.0590","-0.00023","0.00112"
"35.500","926","0.0592","-0.00018","0.00113"
"35.600","931","0.0594","-0.00017","0.00113"
"35.700","936","0.0595","-0.00015","0.00114"
"35.800","940","0.0597","-0.00015","0.00114"
"35.900","945","0.0599","-0.00012","0.00115"
"36.000","949","0.0600","-0.00009","0.00115"
"36.100","954","0.0602","-0.00009","0.00116"
"36.200","959","0.0604","-0.00008","0.00116"
"36.300","963","0.0605","-0.00005","0.00117"
"36.400","968","0.0607","-0.00003","0.00117"
"36.500","973","0.0609","-0.00003","0.00118"
"36.600","978","0.0610","-0.00001","0.00118"
"36.700","982","0.0612","0.00001","0.00118"
"36.800","987","0.0614","0.00004","0.00119"
"36.900","992","0.0615","0.00006","0.00119"
"37.000","997","0.0617","0.00009","0.00120"
"37.100","1001","0.0619","0.00011","0.00120"
"37.200","1006","0.0620","0.00014","0.00121"
"37.300","1011","0.0622","0.00015","0.00121"
"37.400","1016","0.0624","0.00018","0.00122"
"37.500","1021","0.0625","0.00019","0.00122"
"37.600","1026","0.0627","0.00021","0.00123"
"37.700","1031","0.0629","0.00024","0.00123"
"37.800","1036","0.0630","0.00027","0.00124"
"37.900","1041","0.0632","0.00029","0.00124"
"38.000","1045","0.0634","0.00032","0.00125"
"38.100","1050","0.0635","0.00034","0.00125"
"38.200","1056","0.0637","0.00036","0.00126"
"38.300","1061","0.0639","0.00039","0.00126"
"38.400","1066","0.0640","0.00042","0.00127"
"38.500","1071","0.0642","0.00046","0.00127"
"38.600","1075","0.0644","0.00049","0.00128"
"38.700","1081","0.0645","0.00051","0.00128"
"38.800","1086","0.0647","0.00055","0.00129"
"38.900","1091","0.0649","0.00058","0.00129"
"39.000","1096","0.0650","0.00061","0.00130"
"39.100","1101","0.0652","0.00063","0.00130"
"39.200","1106","0.0654","0.00066","0.00131"
"39.300","1111","0.0655","0.00068","0.00131"
"39.400","1116","0.0657","0.00072","0.00132"
"39.500","1121","0.0659","0.00074","0.00132"
"39.600","1126","0.0660","0.00077","0.00132"
"39.700","1132","0.0662","0.00080","0.00133"
"39.800","1137","0.0664","0.00083","0.00134"
"39.900","1142","0.0665","0.00086","0.00134"
"40.000","1147","0.0667","0.00090","0.00134"
"40.100","1152","0.0669","0.00093","0.00135"
"40.200","1158","0.0670","0.00098","0.00135"
"40.300","1163","0.0672","0.00102","0.00136"
"40.400","1168","0.0674","0.00106","0.00137"
"40.500","1174","0.0675","0.00111","0.00137"
"40.600","1179","0.0677","0.00114","0.00138"
"40.700","1184","0.0679","0.00117","0.00138"
"40.800","1189","0.0680","0.00120","0.00139"
"40.900","1195","0.0682","0.00124","0.00139"
"41.000","1200","0.0684","0.00128","0.00140"
"41.100","1205","0.0685","0.00130","0.00140"
"41.200","1211","0.0687","0.00115","0.00141"
"41.300","1216","0.0689","0.00058","0.00141"
"41.400","1221","0.0690","0.00034","0.00142"
"41.500","1227","0.0692","-0.00007","0.00142"
"41.600","1232","0.0694","-0.00007","0.00143"
"41.700","1238","0.0695","-0.00007","0.00143"
"41.800","1243","0.0697","-0.00009","0.00144"
"41.900","1249","0.0699","-0.00004","0.00144"
"42.000","1254","0.0700","-0.00004","0.00145"
"42.100","1259","0.0702","-0.00018","0.00145"
"42.200","1265","0.0704","-0.00014","0.00146"
"42.300","1271","0.0705","-0.00001","0.00146"
"42.400","1276","0.0707","0.00007","0.00147"
"42.500","1282","0.0709","0.00009","0.00147"
"42.600","1287","0.0710","0.00011","0.00148"
"42.700","1293","0.0712","0.00009","0.00149"
"42.800","1298","0.0714","0.00012","0.00149"
"42.900","1304","0.0715","0.00013","0.00150"
"43.000","1310","0.0717","0.00014","0.00150"
"43.100","1315","0.0719","0.00016","0.00151"
"43.200","1320","0.0720","0.00017","0.00151"
"43.300","1326","0.0722","0.00019","0.00152"
"43.400","1332","0.0724","0.00021","0.00152"
"43.500","1337","0.0725","0.00022","0.00153"
"43.600","1343","0.0727","0.00024","0.00153"
"43.700","1349","0.0729","0.00027","0.00154"
"43.800","1354","0.0730","0.00029","0.00154"
"43.900","1360","0.0732","0.00031","0.00155"
"44.000","1366","0.0734","0.00033","0.00155"
"44.100","1371","0.0735","0.00035","0.00156"
"44.200","1377","0.0737","0.00037","0.00157"
"44.300","1383","0.0739","0.00040","0.00157"
"44.400","1389","0.0740","0.00043","0.00158"
"44.500","1395","0.0742","0.00044","0.00158"
"44.600","1400","0.0744","0.00047","0.00159"
"44.700","1406","0.0745","0.00049","0.00159"
"44.800","1412","0.0747","0.00051","0.00160"
"44.900","1418","0.0749","0.00052","0.00161"
"45.000","1424","0.0750","0.00054","0.00161"
"45.100","1429","0.0752","0.00058","0.00162"
"45.200","1435","0.0754","0.00061","0.00162"
"45.300","1441","0.0755","0.00063","0.00163"
"45.400","1447","0.0757","0.00067","0.00163"
"45.500","1453","0.0759","0.00069","0.00164"
"45.600","1458","0.0760","0.00073","0.00164"
"45.700","1465","0.0762","0.00075","0.00165"
"45.800","1470","0.0764","0.00080","0.00165"
"45.900","1476","0.0765","0.00082","0.00166"
"46.000","1482","0.0767","0.00085","0.00167"
"46.100","1488","0.0769","0.00087","0.00167"
"46.200","1494","0.0770","0.00089","0.00168"
"46.300","1500","0.0772","0.00093","0.00168"
"46.400","1506","0.0774","0.00097","0.00169"
"46.500","1512","0.0775","0.00102","0.00169"
"46.600","1518","0.0777","0.00104","0.00170"
"46.700","1524","0.0779","0.00106","0.00171"
"46.800","1530","0.0780","0.00108","0.00171"
"46.900","1537","0.0782","0.00111","0.00172"
"47.000","1543","0.0784","0.00114","0.00172"
"47.100","1549","0.0785","0.00117","0.00173"
"47.200","1555","0.0787","0.00120","0.00173"
"47.300","1561","0.0789","0.00123","0.00174"
"47.400","1567","0.0790","0.00125","0.00174"
"47.500","1573","0.0792","0.00130","0.00175"
"47.600","1579","0.0794","0.00135","0.00176"
"47.700","1585","0.0795","0.00139","0.00176"
"47.800","1592","0.0797","0.00143","0.00177"
"47.900","1598","0.0799","0.00147","0.00177"
"48.000","1604","0.0800","0.00151","0.00178"
"48.100","1610","0.0802","0.00155","0.00179"
"48.200","1616","0.0804","0.00159","0.00179"
"48.300","1623","0.0805","0.00152","0.00180"
"48.400","1629","0.0807","0.00158","0.00180"
"48.500","1635","0.0809","0.00092","0.00181"
"48.600","1641","0.0810","0.00035","0.00181"
"48.700","1647","0.0812","0.00034","0.00182"
"48.800","1654","0.0814","0.00026","0.00183"
"48.900","1660","0.0815","0.00029","0.00183"
"49.000","1667","0.0817","0.00031","0.00184"
"49.100","1673","0.0819","0.00027","0.00184"
"49.200","1679","0.0820","0.00028","0.00185"
"49.300","1685","0.0822","0.00016","0.00186"
"49.400","1692","0.0824","0.00019","0.00186"
"49.500","1699","0.0825","0.00042","0.00187"
"49.600","1705","0.0827","0.00037","0.00188"
"49.700","1712","0.0829","0.00039","0.00188"
"49.800","1718","0.0830","0.00041","0.00188"
"49.900","1724","0.0832","0.00039","0.00189"
"50.000","1730","0.0834","0.00045","0.00190"
"50.100","1737","0.0835","0.00046","0.00190"
"50.200","1744","0.0837","0.00049","0.00191"
"50.300","1750","0.0839","0.00051","0.00191"
"50.400","1757","0.0840","0.00052","0.00192"
"50.500","1763","0.0842","0.00051","0.00193"
"50.600","1770","0.0844","0.00055","0.00194"
"50.700","1776","0.0845","0.00060","0.00194"
"50.800","1783","0.0847","0.00062","0.00194"
"50.900","1789","0.0849","0.00063","0.00195"
"51.000","1796","0.0850","0.00063","0.00196"
"51.100","1803","0.0852","0.00065","0.00196"
"51.200","1809","0.0854","0.00066","0.00197"
"51.300","1816","0.0855","0.00068","0.00198"
"51.400","1823","0.0857","0.00071","0.00198"
"51.500","1829","0.0859","0.00074","0.00199"
"51.600","1836","0.0860","0.00076","0.00200"
"51.700","1843","0.0862","0.00078","0.00200"
"51.800","1849","0.0864","0.00080","0.00201"
"51.900","1856","0.0865","0.00084","0.00201"
"52.000","1863","0.0867","0.00086","0.00202"
"52.100","1869","0.0869","0.00089","0.00203"
"52.200","1876","0.0870","0.00090","0.00203"
"52.300","1883","0.0872","0.00094","0.00204"
"52.400","1890","0.0874","0.00097","0.00204"
"52.500","1897","0.0875","0.00099","0.00205"
"52.600","1903","0.0877","0.00102","0.00206"
"52.700","1910","0.0879","0.00103","0.00206"
"52.800","1917","0.0880","0.00106","0.00207"
"52.900","1924","0.0882","0.00110","0.00208"
"53.000","1931","0.0884","0.00113","0.00208"
"53.100","1938","0.0885","0.00115","0.00209"
"53.200","1945","0.0887","0.00117","0.00209"
"53.300","1951","0.0889","0.00120","0.00210"
"53.400","1958","0.0890","0.00122","0.00211"
"53.500","1965","0.0892","0.00126","0.00211"
"53.600","1972","0.0894","0.00129","0.00212"
"53.700","1980","0.0895","0.00132","0.00213"
"53.800","1987","0.0897","0.00135","0.00213"
"53.900","1993","0.0899","0.00139","0.00214"
"54.000","2000","0.0900","0.00143","0.00215"
"54.100","2007","0.0902","0.00146","0.00215"
"54.200","2015","0.0904","0.00148","0.00216"
"54.300","2022","0.0905","0.00151","0.00216"
"54.400","2029","0.0907","0.00154","0.00217"
"54.500","2036","0.0909","0.00157","0.00218"
"54.600","2043","0.0910","0.00161","0.00219"
"54.700","2050","0.0912","0.00165","0.00219"
"54.800","2057","0.0914","0.00168","0.00220"
"54.900","2064","0.0915","0.00172","0.00221"
"55.000","2071","0.0917","0.00177","0.00221"
"55.100","2078","0.0919","0.00181","0.00222"
"55.200","2085","0.0920","0.00184","0.00222"
"55.300","2092","0.0922","0.00187","0.00223"
"55.400","2099","0.0924","0.00192","0.00224"
"55.500","2106","0.0925","0.00194","0.00224"
"55.600","2114","0.0927","0.00198","0.00225"
"55.700","2121","0.0929","0.00199","0.00226"
"55.800","2128","0.0930","0.00173","0.00226"
"55.900","2135","0.0932","0.00080","0.00227"
"56.000","2142","0.0934","0.00072","0.00227"
"56.100","2150","0.0935","0.00069","0.00228"
"56.200","2157","0.0937","0.00058","0.00229"
"56.300","2164","0.0939","0.00060","0.00230"
"56.400","2171","0.0940","0.00060","0.00230"
"56.500","2179","0.0942","0.00067","0.00231"
"56.600","2186","0.0944","0.00068","0.00232"
"56.700","2193","0.0945","0.00053","0.00232"
"56.800","2200","0.0947","0.00065","0.00233"
"56.900","2208","0.0949","0.00071","0.00233"
"57.000","2215","0.0950","0.00073","0.00234"
"57.100","2222","0.0952","0.00075","0.00235"
"57.200","2229","0.0954","0.00078","0.00236"
"57.300","2237","0.0955","0.00078","0.00236"
"57.400","2244","0.0957","0.00081","0.00237"
"57.500","2251","0.0959","0.00081","0.00238"
"57.600","2259","0.0960","0.00087","0.00238"
"57.700","2266","0.0962","0.00084","0.00239"
"57.800","2274","0.0964","0.00083","0.00240"
"57.900","2281","0.0965","0.00085","0.00240"
"58.000","2288","0.0967","0.00092","0.00241"
"58.100","2296","0.0969","0.00094","0.00242"
"58.200","2303","0.0970","0.00095","0.00242"
"58.300","2311","0.0972","0.00099","0.00243"
"58.400","2318","0.0974","0.00101","0.00244"
"58.500","2326","0.0975","0.00103","0.00244"
"58.600","2333","0.0977","0.00106","0.00245"
"58.700","2340","0.0979","0.00107","0.00246"
"58.800","2348","0.0980","0.00108","0.00247"
"58.900","2356","0.0982","0.00110","0.00247"
"59.000","2363","0.0984","0.00113","0.00248"
"59.100","2370","0.0985","0.00116","0.00248"
"59.200","2378","0.0987","0.00117","0.00249"
"59.300","2385","0.0989","0.00120","0.00250"
"59.400","2393","0.0990","0.00123","0.00250"
"59.500","2400","0.0992","0.00126","0.00251"
"59.600","2408","0.0994","0.00129","0.00252"
"59.700","2416","0.0995","0.00132","0.00253"
"59.800","2423","0.0997","0.00135","0.00253"
"59.900","2431","0.0999","0.00138","0.00254"
"60.000","2438","0.1000","0.00141","0.00255"
"60.100","2446","0.1002","0.00145","0.00255"
"60.200","2454","0.1004","0.00148","0.00256"
"60.300","2462","0.1005","0.00150","0.00257"
"60.400","2469","0.1007","0.00154","0.00257"
"60.500","2477","0.1009","0.00156","0.00258"
"60.600","2484","0.1010","0.00159","0.00259"
"60.700","2492","0.1012","0.00162","0.00259"
"60.800","2500","0.1014","0.00165","0.00260"
"60.900","2508","0.1015","0.00169","0.00261"
"61.000","2516","0.1017","0.00172","0.00262"
"61.100","2523","0.1019","0.00176","0.00262"
"61.200","2531","0.1020","0.00180","0.00263"
"61.300","2538","0.1022","0.00183","0.00264"
"61.400","2546","0.1024","0.00187","0.00265"
"61.500","2554","0.1025","0.00191","0.00265"
"61.600","2562","0.1027","0.00195","0.00266"
"61.700","2570","0.1029","0.00199","0.00267"
"61.800","2578","0.1030","0.00203","0.00267"
"61.900","2585","0.1032","0.00206","0.00268"
"62.000","2593","0.1034","0.00210","0.00269"
"62.100","2601","0.1035","0.00213","0.00269"
"62.200","2609","0.1037","0.00217","0.00270"
"62.300","2617","0.1039","0.00220","0.00271"
"62.400","2625","0.1040","0.00226","0.00272"
"62.500","2633","0.1042","0.00229","0.00272"
"62.600","2641","0.1044","0.00233","0.00273"
"62.700","2649","0.1045","0.00236","0.00274"
"62.800","2656","0.1047","0.00239","0.00274"
"62.900","2665","0.1049","0.00243","0.00275"
"63.000","2672","0.1050","0.00245","0.00276"
"63.100","2680","0.1052","0.00170","0.00277"
"63.200","2688","0.1054","0.00144","0.00278"
"63.300","2696","0.1055","0.00108","0.00278"
"63.400","2704","0.1057","0.00101","0.00279"
"63.500","2712","0.1059","0.00102","0.00280"
"63.600","2720","0.1060","0.00106","0.00280"
"63.700","2728","0.1062","0.00105","0.00281"
"63.800","2736","0.1064","0.00110","0.00282"
"63.900","2744","0.1065","0.00110","0.00282"
"64.000","2752","0.1067","0.00113","0.00283"
"64.100","2760","0.1069","0.00113","0.00284"
"64.200","2768","0.1070","0.00114","0.00285"
"64.300","2776","0.1072","0.00120","0.00285"
"64.400","2784","0.1074","0.00117","0.00286"
"64.500","2792","0.1075","0.00121","0.00287"
"64.600","2801","0.1077","0.00120","0.00287"
"64.700","2809","0.1079","0.00124","0.00288"
"64.800","2817","0.1080","0.00125","0.00289"
"64.900","2825","0.1082","0.00127","0.00290"
"65.000","2833","0.1084","0.00129","0.00291"
"65.100","2841","0.1085","0.00134","0.00291"
"65.200","2849","0.1087","0.00135","0.00292"
"65.300","2857","0.1089","0.00135","0.00293"
"65.400","2866","0.1090","0.00138","0.00294"
"65.500","2874","0.1092","0.00140","0.00294"
"65.600","2882","0.1094","0.00142","0.00295"
"65.700","2890","0.1095","0.00145","0.00296"
"65.800","2898","0.1097","0.00148","0.00297"
"65.900","2907","0.1099","0.00151","0.00297"
"66.000","2915","0.1100","0.00155","0.00298"
"66.100","2923","0.1102","0.00157","0.00299"
"66.200","2931","0.1104","0.00160","0.00299"
"66.300","2940","0.1105","0.00163","0.00300"
"66.400","2948","0.1107","0.00167","0.00301"
"66.500","2956","0.1109","0.00169","0.00302"
"66.600","2964","0.1110","0.00172","0.00302"
"66.700","2973","0.1112","0.00173","0.00303"
"66.800","2981","0.1114","0.00178","0.00304"
"66.900","2990","0.1115","0.00181","0.00305"
"67.000","2998","0.1117","0.00184","0.00306"
"67.100","3006","0.1119","0.00186","0.00306"
"67.200","3015","0.1120","0.00188","0.00307"
"67.300","3023","0.1122","0.00191","0.00308"
"67.400","3031","0.1124","0.00196","0.00308"
"67.500","3040","0.1125","0.00200","0.00309"
"67.600","3048","0.1127","0.00202","0.00310"
"67.700","3057","0.1129","0.00205","0.00311"
"67.800","3065","0.1130","0.00209","0.00312"
"67.900","3073","0.1132","0.00212","0.00312"
"68.000","3082","0.1134","0.00215","0.00313"
"68.100","3090","0.1135","0.00218","0.00314"
"68.200","3098","0.1137","0.00221","0.00315"
"68.300","3107","0.1139","0.00225","0.00315"
"68.400","3116","0.1140","0.00228","0.00316"
"68.500","3124","0.1142","0.00231","0.00317"
"68.600","3132","0.1144","0.00236","0.00317"
"68.700","3141","0.1145","0.00240","0.00318"
"68.800","3149","0.1147","0.00244","0.00319"
"68.900","3157","0.1149","0.00247","0.00320"
"69.000","3166","0.1150","0.00250","0.00321"
"69.100","3174","0.1152","0.00254","0.00321"
"69.200","3183","0.1154","0.00258","0.00322"
"69.300","3191","0.1155","0.00263","0.00323"
"69.400","3200","0.1157","0.00266","0.00324"
"69.500","3209","0.1159","0.00269","0.00324"
"69.600","3217","0.1160","0.00274","0.00325"
"69.700","3226","0.1162","0.00277","0.00326"
"69.800","3234","0.1164","0.00281","0.00327"
"69.900","3243","0.1165","0.00285","0.00328"
"70.000","3251","0.1167","0.00290","0.00328"
"70.100","3259","0.1169","0.00294","0.00329"
"70.200","3268","0.1170","0.00293","0.00330"
"70.300","3277","0.1172","0.00270","0.00331"
"70.400","3285","0.1174","0.00181","0.00331"
"70.500","3294","0.1175","0.00167","0.00332"
"70.600","3302","0.1177","0.00152","0.00333"
"70.700","3311","0.1179","0.00155","0.00334"
"70.800","3320","0.1180","0.00158","0.00334"
"70.900","3328","0.1182","0.00159","0.00335"
"71.000","3337","0.1184","0.00159","0.00336"
"71.100","3345","0.1185","0.00159","0.00337"
"71.200","3354","0.1187","0.00163","0.00338"
"71.300","3362","0.1189","0.00162","0.00338"
"71.400","3371","0.1190","0.00165","0.00339"
"71.500","3380","0.1192","0.00167","0.00340"
"71.600","3389","0.1194","0.00169","0.00341"
"71.700","3397","0.1195","0.00171","0.00342"
"71.800","3406","0.1197","0.00173","0.00342"
"71.900","3415","0.1199","0.00176","0.00343"
"72.000","3423","0.1200","0.00177","0.00344"
"72.100","3433","0.1202","0.00179","0.00344"
"72.200","3441","0.1204","0.00181","0.00346"
"72.300","3450","0.1205","0.00183","0.00346"
"72.400","3459","0.1207","0.00186","0.00347"
"72.500","3467","0.1209","0.00188","0.00348"
"72.600","3476","0.1210","0.00189","0.00349"
"72.700","3485","0.1212","0.00192","0.00349"
"72.800","3494","0.1214","0.00194","0.00350"
"72.900","3503","0.1215","0.00196","0.00351"
"73.000","3512","0.1217","0.00199","0.00352"
"73.100","3520","0.1219","0.00202","0.00352"
"73.200","3529","0.1220","0.00204","0.00353"
"73.300","3538","0.1222","0.00207","0.00354"
"73.400","3547","0.1224","0.00209","0.00355"
"73.500","3556","0.1225","0.00211","0.00356"
"73.600","3565","0.1227","0.00214","0.00357"
"73.700","3573","0.1229","0.00216","0.00357"
"73.800","3583","0.1230","0.00218","0.00358"
"73.900","3591","0.1232","0.00221","0.00359"
"74.000","3600","0.1234","0.00225","0.00360"
"74.100","3609","0.1235","0.00229","0.00360"
"74.200","3618","0.1237","0.00232","0.00361"
"74.300","3627","0.1239","0.00235","0.00362"
"74.400","3636","0.1240","0.00237","0.00363"
"74.500","3645","0.1242","0.00241","0.00364"
"74.600","3654","0.1244","0.00242","0.00364"
"74.700","3663","0.1245","0.00246","0.00366"
"74.800","3671","0.1247","0.00248","0.00366"
"74.900","3681","0.1249","0.00252","0.00367"
"75.000","3690","0.1250","0.00256","0.00368"
"75.100","3699","0.1252","0.00259","0.00369"
"75.200","3707","0.1254","0.00263","0.00369"
"75.300","3716","0.1255","0.00265","0.00370"
"75.400","3725","0.1257","0.00270","0.00371"
"75.500","3734","0.1259","0.00273","0.00372"
"75.600","3744","0.1260","0.00275","0.00373"
"75.700","3753","0.1262","0.00278","0.00373"
"75.800","3761","0.1264","0.00281","0.00374"
"75.900","3770","0.1265","0.00284","0.00375"
"76.000","3779","0.1267","0.00288","0.00376"
"76.100","3789","0.1269","0.00292","0.00377"
"76.200","3798","0.1270","0.00296","0.00378"
"76.300","3807","0.1272","0.00299","0.00378"
"76.400","3816","0.1274","0.00302","0.00379"
"76.500","3825","0.1275","0.00306","0.00380"
"76.600","3834","0.1277","0.00311","0.00381"
"76.700","3843","0.1279","0.00315","0.00382"
"76.800","3852","0.1280","0.00318","0.00382"
"76.900","3862","0.1282","0.00321","0.00383"
"77.000","3871","0.1284","0.00326","0.00384"
"77.100","3880","0.1285","0.00330","0.00385"
"77.200","3889","0.1287","0.00332","0.00386"
"77.300","3898","0.1289","0.00327","0.00387"
"77.400","3907","0.1290","0.00294","0.00387"
"77.500","3916","0.1292","0.00217","0.00388"
"77.600","3925","0.1294","0.00208","0.00389"
"77.700","3934","0.1295","0.00196","0.00390"
"77.800","3944","0.1297","0.00203","0.00391"
"77.900","3953","0.1299","0.00201","0.00391"
"78.000","3962","0.1300","0.00202","0.00392"
"78.100","3971","0.1302","0.00202","0.00393"
"78.200","3980","0.1304","0.00202","0.00394"
"78.300","3990","0.1305","0.00194","0.00395"
"78.400","3999","0.1307","0.00207","0.00396"
"78.500","4008","0.1309","0.00211","0.00397"
"78.600","4017","0.1310","0.00212","0.00397"
"78.700","4026","0.1312","0.00213","0.00398"
"78.800","4036","0.1314","0.00220","0.00399"
"78.900","4045","0.1315","0.00222","0.00400"
"79.000","4055","0.1317","0.00219","0.00401"
"79.100","4064","0.1319","0.00223","0.00402"
"79.200","4073","0.1320","0.00225","0.00402"
"79.300","4082","0.1322","0.00227","0.00403"
"79.400","4091","0.1324","0.00226","0.00404"
"79.500","4101","0.1325","0.00228","0.00405"
"79.600","4110","0.1327","0.00230","0.00406"
"79.700","4120","0.1329","0.00232","0.00407"
"79.800","4129","0.1330","0.00234","0.00407"
"79.900","4138","0.1332","0.00238","0.00408"
"80.000","4147","0.1334","0.00239","0.00409"
"80.100","4157","0.1335","0.00243","0.00410"
"80.200","4166","0.1337","0.00246","0.00411"
"80.300","4175","0.1339","0.00248","0.00412"
"80.400","4184","0.1340","0.00251","0.00412"
"80.500","4194","0.1342","0.00253","0.00413"
"80.600","4203","0.1344","0.00255","0.00414"
"80.700","4212","0.1345","0.00258","0.00415"
"80.800","4222","0.1347","0.00261","0.00416"
"80.900","4232","0.1349","0.00264","0.00417"
"81.000","4241","0.1350","0.00267","0.00418"
"81.100","4250","0.1352","0.00270","0.00418"
"81.200","4260","0.1354","0.00273","0.00419"
"81.300","4269","0.1355","0.00277","0.00420"
"81.400","4278","0.1357","0.00280","0.00421"
"81.500","4288","0.1359","0.00282","0.00422"
"81.600","4297","0.1360","0.00284","0.00423"
"81.700","4307","0.1362","0.00288","0.00424"
"81.800","4316","0.1364","0.00292","0.00424"
"81.900","4325","0.1365","0.00295","0.00425"
"82.000","4335","0.1367","0.00298","0.00426"
"82.100","4344","0.1369","0.00302","0.00427"
"82.200","4354","0.1370","0.00306","0.00428"
"82.300","4363","0.1372","0.00309","0.00429"
"82.400","4373","0.1374","0.00313","0.00430"
"82.500","4382","0.1375","0.00316","0.00430"
"82.600","4391","0.1377","0.00320","0.00431"
"82.700","4401","0.1379","0.00324","0.00432"
"82.800","4410","0.1380","0.00327","0.00433"
"82.900","4420","0.1382","0.00331","0.00434"
"83.000","4430","0.1384","0.00333","0.00435"
"83.100","4439","0.1385","0.00338","0.00436"
"83.200","4448","0.1387","0.00341","0.00436"
"83.300","4458","0.1389","0.00344","0.00437"
"83.400","4468","0.1390","0.00350","0.00438"
"83.500","4477","0.1392","0.00354","0.00439"
"83.600","4487","0.1394","0.00359","0.00440"
"83.700","4496","0.1395","0.00362","0.00441"
"83.800","4505","0.1397","0.00365","0.00442"
"83.900","4515","0.1399","0.00369","0.00442"
"84.000","4524","0.1400","0.00373","0.00443"
"84.100","4534","0.1402","0.00376","0.00444"
"84.200","4544","0.1404","0.00372","0.00445"
"84.300","4553","0.1405","0.00304","0.00446"
"84.400","4562","0.1407","0.00255","0.00447"
"84.500","4572","0.1409","0.00238","0.00448"
"84.600","4581","0.1410","0.00246","0.00448"
"84.700","4591","0.1412","0.00246","0.00449"
"84.800","4600","0.1414","0.00248","0.00450"
"84.900","4610","0.1415","0.00253","0.00451"
"85.000","4620","0.1417","0.00252","0.00452"
"85.100","4629","0.1419","0.00257","0.00453"
"85.200","4639","0.1420","0.00255","0.00454"
"85.300","4648","0.1422","0.00260","0.00454"
"85.400","4658","0.1424","0.00260","0.00455"
"85.500","4668","0.1425","0.00260","0.00456"
"85.600","4677","0.1427","0.00262","0.00457"
"85.700","4687","0.1429","0.00267","0.00458"
"85.800","4696","0.1430","0.00268","0.00459"
"85.900","4706","0.1432","0.00268","0.00460"
"86.000","4715","0.1434","0.00271","0.00461"
"86.100","4725","0.1435","0.00279","0.00461"
"86.200","4735","0.1437","0.00278","0.00457"
"86.300","4744","0.1439","0.00279","0.00458"
"86.400","4753","0.1440","0.00282","0.00459"
"86.500","4763","0.1442","0.00284","0.00460"
"86.600","4772","0.1444","0.00285","0.00460"
"86.700","4781","0.1445","0.00288","0.00462"
"86.800","4791","0.1447","0.00291","0.00462"
"86.900","4801","0.1449","0.00294","0.00463"
"87.000","4811","0.1450","0.00294","0.00464"
"87.100","4820","0.1452","0.00296","0.00465"
"87.200","4830","0.1454","0.00298","0.00466"
"87.300","4839","0.1455","0.00303","0.00467"
"87.400","4849","0.1457","0.00307","0.00468"
"87.500","4859","0.1459","0.00312","0.00469"
"87.600","4868","0.1460","0.00314","0.00470"
"87.700","4877","0.1462","0.00317","0.00471"
"87.800","4887","0.1464","0.00319","0.00471"
"87.900","4897","0.1465","0.00323","0.00472"
"88.000","4906","0.1467","0.00326","0.00473"
"88.100","4916","0.1469","0.00328","0.00474"
"88.200","4925","0.1470","0.00331","0.00475"
"88.300","4935","0.1472","0.00335","0.00476"
"88.400","4944","0.1474","0.00338","0.00477"
"88.500","4953","0.1475","0.00341","0.00478"
"88.600","4963","0.1477","0.00343","0.00479"
"88.700","4972","0.1479","0.00347","0.00480"
"88.800","4982","0.1480","0.00350","0.00481"
"88.900","4991","0.1482","0.00353","0.00482"
"89.000","5001","0.1484","0.00356","0.00483"
"89.100","5010","0.1485","0.00360","0.00484"
"89.200","5019","0.1487","0.00365","0.00485"
"89.300","5029","0.1489","0.00369","0.00486"
"89.400","5038","0.1490","0.00372","0.00487"
"89.500","5048","0.1492","0.00376","0.00488"
"89.600","5057","0.1494","0.00380","0.00490"
"89.700","5067","0.1495","0.00383","0.00491"
"89.800","5076","0.1497","0.00387","0.00492"
"89.900","5085","0.1499","0.00391","0.00493"
"90.000","5094","0.1500","0.00395","0.00494"
"90.100","5104","0.1502","0.00399","0.00495"
"90.200","5113","0.1504","0.00403","0.00496"
"90.300","5123","0.1505","0.00407","0.00497"
"90.400","5132","0.1507","0.00412","0.00498"
"90.500","5141","0.1509","0.00417","0.00500"
"90.600","5150","0.1510","0.00421","0.00501"
"90.700","5159","0.1512","0.00425","0.00502"
"90.800","5168","0.1514","0.00429","0.00503"
"90.900","5178","0.1515","0.00433","0.00505"
"91.000","5187","0.1517","0.00437","0.00506"
"91.100","5195","0.1519","0.00438","0.00507"
"91.200","5205","0.1520","0.00401","0.00508"
"91.300","5213","0.1522","0.00353","0.00509"
"91.400","5223","0.1524","0.00314","0.00511"
"91.500","5232","0.1525","0.00320","0.00512"
"91.600","5241","0.1527","0.00310","0.00513"
"91.700","5249","0.1529","0.00308","0.00515"
"91.800","5258","0.1530","0.00314","0.00516"
"91.900","5267","0.1532","0.00317","0.00517"
"92.000","5275","0.1534","0.00307","0.00519"
"92.100","5284","0.1535","0.00303","0.00520"
"92.200","5293","0.1537","0.00313","0.00522"
"92.300","5301","0.1539","0.00323","0.00523"
"92.400","5310","0.1540","0.00328","0.00525"
"92.500","5318","0.1542","0.00328","0.00526"
"92.600","5327","0.1544","0.00333","0.00528"
"92.700","5335","0.1545","0.00332","0.00529"
"92.800","5344","0.1547","0.00337","0.00531"
"92.900","5352","0.1549","0.00343","0.00533"
"93.000","5360","0.1550","0.00344","0.00534"
"93.100","5368","0.1552","0.00350","0.00536"
"93.200","5376","0.1554","0.00352","0.00538"
"93.300","5384","0.1555","0.00354","0.00540"
"93.400","5392","0.1557","0.00355","0.00541"
"93.500","5400","0.1559","0.00359","0.00543"
"93.600","5408","0.1560","0.00358","0.00545"
"93.700","5416","0.1562","0.00362","0.00547"
"93.800","5423","0.1564","0.00367","0.00549"
"93.900","5431","0.1565","0.00370","0.00551"
"94.000","5438","0.1567","0.00374","0.00553"
"94.100","5445","0.1569","0.00379","0.00556"
"94.200","5453","0.1570","0.00383","0.00558"
"94.300","5460","0.1572","0.00388","0.00560"
"94.400","5466","0.1574","0.00393","0.00563"
"94.500","5473","0.1575","0.00398","0.00565"
"94.600","5480","0.1577","0.00401","0.00568"
"94.700","5487","0.1579","0.00406","0.00570"
"94.800","5493","0.1580","0.00412","0.00573"
"94.900","5499","0.1582","0.00416","0.00576"
"95.000","5505","0.1584","0.00419","0.00578"
"95.100","5511","0.1585","0.00424","0.00581"
"95.200","5516","0.1587","0.00429","0.00584"
"95.300","5522","0.1589","0.00433","0.00587"
"95.400","5528","0.1590","0.00438","0.00590"
"95.500","5533","0.1592","0.00442","0.00593"
"95.600","5538","0.1594","0.00448","0.00596"
"95.700","5543","0.1595","0.00454","0.00600"
"95.800","5548","0.1597","0.00459","0.00603"
"95.900","5552","0.1599","0.00464","0.00606"
"96.000","5557","0.1600","0.00471","0.00609"
"96.100","5561","0.1602","0.00477","0.00613"
"96.200","5566","0.1604","0.00482","0.00617"
"96.300","5570","0.1605","0.00488","0.00620"
"96.400","5574","0.1607","0.00494","0.00624"
"96.500","5577","0.1609","0.00498","0.00628"
"96.600","5581","0.1610","0.00503","0.00631"
"96.700","5584","0.1612","0.00509","0.00635"
"96.800","5588","0.1614","0.00516","0.00639"
"96.900","5592","0.1615","0.00522","0.00640"
"97.000","5595","0.1617","0.00530","0.00644"
"97.100","5597","0.1619","0.00536","0.00648"
"97.200","5601","0.1620","0.00542","0.00653"
"97.300","5603","0.1622","0.00550","0.00657"
"97.400","5606","0.1624","0.00558","0.00661"
"97.500","5609","0.1625","0.00563","0.00666"
"97.600","5611","0.1627","0.00570","0.00670"
"97.700","5614","0.1629","0.00578","0.00675"
"97.800","5616","0.1630","0.00585","0.00680"
"97.900","5618","0.1632","0.00592","0.00684"
"98.000","5620","0.1634","0.00599","0.00689"
"98.100","5622","0.1635","0.00607","0.00694"
"98.200","5624","0.1637","0.00614","0.00699"
"98.300","5626","0.1639","0.00621","0.00704"
"98.400","5628","0.1640","0.00628","0.00709"
"98.500","5630","0.1642","0.00637","0.00715"
"98.600","5632","0.1644","0.00644","0.00720"
"98.700","5633","0.1645","0.00652","0.00725"
"98.800","5635","0.1647","0.00659","0.00731"
"98.900","5637","0.1649","0.00669","0.00736"
"99.000","5638","0.1650","0.00678","0.00742"
"99.100","5639","0.1652","0.00685","0.00746"
"99.200","5641","0.1654","0.00693","0.00751"
"99.300","5642","0.1655","0.00696","0.00757"
"99.301","5642","0.1655","0.00697","0.00757"
"99.401","5647","0.1657","0.00681","0.00763"
"99.501","5663","0.1661","0.00602","0.00773"
"99.601","5663","0.1664","0.00611","0.00786"
"99.701","5661","0.1667","0.00604","0.00800"
"99.801","5661","0.1671","0.00623","0.00814"
"99.901","5662","0.1674","0.00642","0.00827"
"100.001","5663","0.1677","0.00652","0.00840"
"100.101","5664","0.1681","0.00668","0.00853"
"100.201","5666","0.1684","0.00676","0.00866"
"100.301","5667","0.1687","0.00692","0.00879"
"100.401","5668","0.1691","0.00706","0.00893"
"100.501","5669","0.1694","0.00720","0.00907"
"100.601","5670","0.1697","0.00732","0.00921"
"100.701","5672","0.1701","0.00748","0.00933"
"100.801","5673","0.1704","0.00762","0.00947"
"100.901","5674","0.1707","0.00778","0.00961"
"101.001","5675","0.1711","0.00794","0.00976"
"101.101","5676","0.1714","0.00809","0.00990"
"101.201","5676","0.1717","0.00824","0.01004"
"101.301","5677","0.1721","0.00840","0.01018"
"101.401","5678","0.1724","0.00854","0.01032"
"101.501","5679","0.1727","0.00871","0.01047"
"101.601","5680","0.1731","0.00886","0.01062"
"101.701","5681","0.1734","0.00902","0.01077"
"101.801","5682","0.1737","0.00918","0.01091"
"101.901","5683","0.1741","0.00934","0.01106"
"102.001","5684","0.1744","0.00950","0.01121"
"102.101","5685","0.1747","0.00967","0.01136"
"102.201","5686","0.1751","0.00984","0.01151"
"102.301","5686","0.1754","0.00998","0.01166"
"102.401","5687","0.1757","0.01016","0.01181"
"102.501","5688","0.1761","0.01033","0.01196"
"102.601","5688","0.1764","0.01048","0.01211"
"102.701","5689","0.1767","0.01063","0.01227"
"102.801","5690","0.1771","0.01079","0.01242"
"102.901","5691","0.1774","0.01095","0.01258"
"103.001","5691","0.1777","0.01111","0.01273"
"103.101","5692","0.1781","0.01128","0.01288"
"103.201","5693","0.1784","0.01145","0.01304"
"103.301","5694","0.1787","0.01163","0.01319"
"103.401","5695","0.1791","0.01179","0.01335"
"103.501","5695","0.1794","0.01194","0.01351"
"103.601","5696","0.1797","0.01210","0.01366"
"103.701","5697","0.1801","0.01226","0.01381"
"103.801","5698","0.1804","0.01243","0.01397"
"103.901","5699","0.1807","0.01260","0.01413"
"104.001","5699","0.1811","0.01278","0.01429"
"104.101","5700","0.1814","0.01296","0.01445"
"104.201","5701","0.1817","0.01314","0.01460"
"104.301","5701","0.1821","0.01332","0.01475"
"104.401","5702","0.1824","0.01349","0.01491"
"104.501","5703","0.1827","0.01366","0.01507"
"104.601","5704","0.1831","0.01385","0.01522"
"104.701","5705","0.1834","0.01403","0.01538"
"104.801","5706","0.1837","0.01421","0.01554"
"104.901","5706","0.1841","0.01439","0.01569"
"105.001","5707","0.1844","0.01455","0.01585"
"105.101","5708","0.1847","0.01471","0.01600"
"105.201","5708","0.1851","0.01488","0.01616"
"105.301","5709","0.1854","0.01457","0.01632"
"105.401","5710","0.1857","0.01412","0.01647"
"105.501","5711","0.1861","0.01418","0.01663"
"105.601","5711","0.1864","0.01421","0.01677"
"105.701","5712","0.1867","0.01432","0.01693"
"105.801","5713","0.1871","0.01454","0.01708"
"105.901","5714","0.1874","0.01467","0.01724"
"106.001","5715","0.1877","0.01484","0.01739"
"106.101","5716","0.1881","0.01495","0.01755"
"106.201","5716","0.1884","0.01512","0.01770"
"106.301","5717","0.1887","0.01528","0.01784"
"106.401","5718","0.1891","0.01541","0.01799"
"106.501","5719","0.1894","0.01556","0.01815"
"106.601","5720","0.1897","0.01573","0.01829"
"106.701","5721","0.1901","0.01592","0.01844"
"106.801","5721","0.1904","0.01604","0.01858"
"106.901","5722","0.1907","0.01622","0.01873"
"107.001","5723","0.1911","0.01634","0.01887"
"107.101","5724","0.1914","0.01651","0.01902"
"107.201","5725","0.1917","0.01667","0.01917"
"107.301","5726","0.1921","0.01679","0.01932"
"107.401","5726","0.1924","0.01693","0.01946"
"107.501","5727","0.1927","0.01709","0.01961"
"107.601","5728","0.1931","0.01724","0.01976"
"107.701","5729","0.1934","0.01739","0.01989"
"107.801","5730","0.1937","0.01755","0.02004"
"107.901","5731","0.1941","0.01769","0.02018"
"108.001","5731","0.1944","0.01785","0.02033"
"108.101","5732","0.1947","0.01799","0.02047"
"108.201","5733","0.1951","0.01815","0.02062"
"108.301","5734","0.1954","0.01830","0.02076"
"108.401","5735","0.1957","0.01844","0.02090"
"108.501","5736","0.1961","0.01858","0.02104"
"108.601","5736","0.1964","0.01874","0.02118"
"108.701","5737","0.1967","0.01889","0.02132"
"108.801","5738","0.1971","0.01904","0.02146"
"108.901","5739","0.1974","0.01919","0.02161"
"109.001","5740","0.1977","0.01935","0.02174"
"109.101","5741","0.1981","0.01951","0.02189"
"109.201","5742","0.1984","0.01967","0.02202"
"109.301","5743","0.1987","0.01984","0.02216"
"109.401","5743","0.1991","0.02000","0.02230"
"109.501","5744","0.1994","0.02015","0.02243"
"109.601","5745","0.1997","0.02030","0.02257"
"109.701","5746","0.2001","0.02044","0.02271"
"109.801","5747","0.2004","0.02060","0.02285"
"109.901","5747","0.2007","0.02075","0.02299"
"110.001","5748","0.2011","0.02090","0.02312"
"110.101","5749","0.2014","0.02106","0.02326"
"110.201","5750","0.2017","0.02121","0.02339"
"110.301","5751","0.2021","0.02136","0.02353"
"110.401","5752","0.2024","0.02150","0.02367"
"110.501","5753","0.2027","0.02166","0.02380"
"110.601","5754","0.2031","0.02181","0.02394"
"110.701","5755","0.2034","0.02197","0.02407"
"110.801","5755","0.2037","0.02212","0.02420"
"110.901","5756","0.2041","0.02228","0.02434"
"111.001","5757","0.2044","0.02232","0.02448"
"111.101","5758","0.2047","0.02221","0.02461"
"111.201","5759","0.2051","0.02173","0.02475"
"111.301","5760","0.2054","0.02174","0.02488"
"111.401","5760","0.2057","0.02190","0.02501"
"111.501","5762","0.2061","0.02202","0.02515"
"111.601","5762","0.2064","0.02213","0.02528"
"111.701","5763","0.2067","0.02230","0.02542"
"111.801","5764","0.2071","0.02237","0.02555"
"111.901","5765","0.2074","0.02244","0.02568"
"112.001","5766","0.2077","0.02257","0.02582"
"112.101","5767","0.2081","0.02277","0.02595"
"112.201","5768","0.2084","0.02295","0.02608"
"112.301","5769","0.2087","0.02308","0.02622"
"112.401","5769","0.2091","0.02321","0.02636"
"112.501","5770","0.2094","0.02335","0.02649"
"112.601","5771","0.2097","0.02348","0.02662"
"112.701","5772","0.2101","0.02360","0.02675"
"112.801","5773","0.2104","0.02374","0.02688"
"112.901","5774","0.2107","0.02387","0.02702"
"113.001","5775","0.2111","0.02400","0.02715"
"113.101","5776","0.2114","0.02414","0.02728"
"113.201","5777","0.2117","0.02427","0.02742"
"113.301","5777","0.2121","0.02440","0.02755"
"113.401","5778","0.2124","0.02454","0.02768"
"113.501","5779","0.2127","0.02468","0.02782"
"113.601","5780","0.2131","0.02483","0.02795"
"113.701","5781","0.2134","0.02498","0.02808"
"113.801","5782","0.2137","0.02512","0.02822"
"113.901","5783","0.2141","0.02526","0.02835"
"114.001","5784","0.2144","0.02541","0.02848"
"114.101","5785","0.2147","0.02555","0.02861"
"114.201","5785","0.2151","0.02569","0.02874"
"114.301","5786","0.2154","0.02583","0.02888"
"114.401","5787","0.2157","0.02596","0.02901"
"114.501","5788","0.2161","0.02610","0.02914"
"114.601","5789","0.2164","0.02624","0.02928"
"114.701","5790","0.2167","0.02638","0.02941"
"114.801","5790","0.2171","0.02652","0.02954"
"114.901","5791","0.2174","0.02666","0.02967"
"115.001","5792","0.2177","0.02682","0.02980"
"115.101","5793","0.2181","0.02696","0.02994"
"115.201","5794","0.2184","0.02711","0.03007"
"115.301","5795","0.2187","0.02727","0.03020"
"115.401","5796","0.2191","0.02742","0.03033"
"115.501","5797","0.2194","0.02757","0.03046"
"115.601","5798","0.2197","0.02772","0.03060"
"115.701","5798","0.2201","0.02786","0.03073"
"115.801","5799","0.2204","0.02801","0.03086"
"115.901","5800","0.2207","0.02817","0.03099"
"116.001","5801","0.2211","0.02833","0.03112"
"116.101","5802","0.2214","0.02848","0.03125"
"116.201","5803","0.2217","0.02862","0.03139"
"116.301","5804","0.2221","0.02875","0.03151"
"116.401","5804","0.2224","0.02840","0.03165"
"116.501","5805","0.2227","0.02815","0.03178"
"116.601","5806","0.2231","0.02823","0.03191"
"116.701","5807","0.2234","0.02835","0.03204"
"116.801","5808","0.2237","0.02849","0.03217"
"116.901","5809","0.2241","0.02870","0.03230"
"117.001","5809","0.2244","0.02884","0.03244"
"117.101","5810","0.2247","0.02891","0.03257"
"117.201","5811","0.2251","0.02906","0.03270"
"117.301","5812","0.2254","0.02918","0.03283"
"117.401","5813","0.2257","0.02935","0.03296"
"117.501","5814","0.2261","0.02946","0.03309"
"117.601","5815","0.2264","0.02961","0.03322"
"117.701","5816","0.2267","0.02974","0.03335"
"117.801","5817","0.2271","0.02987","0.03348"
"117.901","5817","0.2274","0.03001","0.03361"
"118.001","5818","0.2277","0.03013","0.03375"
"118.101","5819","0.2281","0.03026","0.03387"
"118.201","5820","0.2284","0.03040","0.03401"
"118.301","5820","0.2287","0.03053","0.03414"
"118.401","5822","0.2291","0.03065","0.03427"
"118.501","5823","0.2294","0.03079","0.03440"
"118.601","5823","0.2297","0.03091","0.03453"
"118.701","5824","0.2301","0.03106","0.03466"
"118.801","5825","0.2304","0.03121","0.03478"
"118.901","5826","0.2307","0.03134","0.03490"
"119.001","5826","0.2311","0.03147","0.03504"
"119.101","5827","0.2314","0.03160","0.03517"
"119.201","5828","0.2317","0.03173","0.03530"
"119.301","5829","0.2321","0.03188","0.03543"
"119.401","5830","0.2324","0.03202","0.03556"
"119.501","5830","0.2327","0.03217","0.03569"
"119.601","5831","0.2331","0.03231","0.03582"
"119.701","5832","0.2334","0.03245","0.03595"
"119.801","5833","0.2337","0.03257","0.03608"
"119.901","5834","0.2341","0.03272","0.03620"
"120.001","5835","0.2344","0.03284","0.03634"
"120.101","5836","0.2347","0.03299","0.03647"
"120.201","5836","0.2351","0.03313","0.03659"
"120.301","5837","0.2354","0.03326","0.03672"
"120.401","5838","0.2357","0.03340","0.03685"
"120.501","5839","0.2361","0.03355","0.03698"
"120.601","5840","0.2364","0.03369","0.03711"
"120.701","5840","0.2367","0.03382","0.03724"
"120.801","5841","0.2371","0.03396","0.03737"
"120.901","5842","0.2374","0.03410","0.03750"
"121.001","5843","0.2377","0.03424","0.03763"
"121.101","5844","0.2381","0.03440","0.03776"
"121.201","5844","0.2384","0.03454","0.03788"
"121.301","5845","0.2387","0.03469","0.03801"
"121.401","5846","0.2391","0.03484","0.03814"
"121.501","5847","0.2394","0.03498","0.03827"
"121.601","5847","0.2397","0.03507","0.03840"
"121.701","5849","0.2401","0.03465","0.03853"
"121.801","5849","0.2404","0.03468","0.03866"
"121.901","5850","0.2407","0.03474","0.03878"
"122.001","5851","0.2411","0.03484","0.03891"
"122.101","5851","0.2414","0.03493","0.03904"
"122.201","5853","0.2417","0.03507","0.03917"
"122.301","5853","0.2421","0.03513","0.03930"
"122.401","5854","0.2424","0.03525","0.03943"
"122.501","5855","0.2427","0.03537","0.03956"
"122.601","5856","0.2431","0.03551","0.03968"
"122.701","5856","0.2434","0.03571","0.03989"
"122.801","5857","0.2437","0.03584","0.04002"
"122.901","5858","0.2441","0.03597","0.04015"
"123.001","5859","0.2444","0.03610","0.04028"
"123.101","5860","0.2447","0.03623","0.04041"
"123.201","5860","0.2451","0.03634","0.04053"
"123.301","5861","0.2454","0.03645","0.04066"
"123.401","5862","0.2457","0.03655","0.04079"
"123.501","5863","0.2461","0.03669","0.04092"
"123.601","5863","0.2464","0.03682","0.04105"
"123.701","5864","0.2467","0.03696","0.04118"
"123.801","5865","0.2471","0.03709","0.04131"
"123.901","5866","0.2474","0.03723","0.04143"
"124.001","5866","0.2477","0.03734","0.04156"
"124.101","5867","0.2481","0.03747","0.04169"
"124.201","5868","0.2484","0.03760","0.04182"
"124.301","5869","0.2487","0.03773","0.04195"
"124.401","5869","0.2491","0.03787","0.04208"
"124.501","5870","0.2494","0.03800","0.04221"
"124.601","5871","0.2497","0.03814","0.04233"
"124.701","5872","0.2501","0.03828","0.04246"
"124.801","5873","0.2504","0.03840","0.04259"
"124.901","5873","0.2507","0.03855","0.04272"
"125.001","5874","0.2511","0.03868","0.04285"
"125.101","5875","0.2514","0.03882","0.04298"
"125.201","5876","0.2517","0.03897","0.04311"
"125.301","5876","0.2521","0.03910","0.04323"
"125.401","5878","0.2524","0.03924","0.04336"
"125.501","5878","0.2527","0.03937","0.04350"
"125.601","5879","0.2531","0.03950","0.04362"
"125.701","5879","0.2534","0.03963","0.04375"
"125.801","5880","0.2537","0.03977","0.04388"
"125.901","5881","0.2541","0.03990","0.04401"
"126.001","5882","0.2544","0.04004","0.04414"
"126.101","5882","0.2547","0.04019","0.04427"
"126.201","5883","0.2551","0.04033","0.04440"
"126.301","5884","0.2554","0.04049","0.04453"
"126.401","5884","0.2557","0.04063","0.04463"
"126.501","5885","0.2561","0.04077","0.04475"
"126.601","5886","0.2564","0.04092","0.04488"
"126.701","5887","0.2567","0.04104","0.04501"
"126.801","5887","0.2571","0.04102","0.04514"
"126.901","5888","0.2574","0.04069","0.04527"
"127.001","5889","0.2577","0.04076","0.04540"
"127.101","5890","0.2581","0.04090","0.04553"
"127.201","5891","0.2584","0.04102","0.04565"
"127.301","5891","0.2587","0.04115","0.04578"
"127.401","5892","0.2591","0.04123","0.04591"
"127.501","5893","0.2594","0.04124","0.04605"
"127.601","5893","0.2597","0.04150","0.04617"
"127.701","5894","0.2601","0.04163","0.04630"
"127.801","5894","0.2604","0.04179","0.04643"
"127.901","5895","0.2607","0.04187","0.04656"
"128.001","5896","0.2611","0.04199","0.04669"
"128.101","5897","0.2614","0.04210","0.04682"
"128.201","5897","0.2617","0.04224","0.04695"
"128.301","5898","0.2621","0.04235","0.04708"
"128.401","5898","0.2624","0.04246","0.04721"
"128.501","5899","0.2627","0.04255","0.04733"
"128.601","5900","0.2631","0.04268","0.04747"
"128.701","5901","0.2634","0.04280","0.04759"
"128.801","5901","0.2637","0.04295","0.04772"
"128.901","5902","0.2641","0.04307","0.04785"
"129.001","5903","0.2644","0.04320","0.04798"
"129.101","5904","0.2647","0.04334","0.04811"
"129.201","5904","0.2651","0.04347","0.04824"
"129.301","5905","0.2654","0.04360","0.04835"
"129.401","5906","0.2657","0.04373","0.04848"
"129.501","5906","0.2661","0.04386","0.04861"
"129.601","5907","0.2664","0.04401","0.04874"
"129.701","5908","0.2667","0.04413","0.04887"
"129.801","5908","0.2671","0.04426","0.04900"
"129.901","5909","0.2674","0.04439","0.04913"
"130.001","5910","0.2677","0.04452","0.04926"
"130.101","5910","0.2681","0.04466","0.04939"
"130.201","5911","0.2684","0.04479","0.04952"
"130.301","5911","0.2687","0.04492","0.04964"
"130.401","5913","0.2691","0.04504","0.04976"
"130.501","5913","0.2694","0.04517","0.04990"
"130.601","5914","0.2697","0.04530","0.05003"
"130.701","5914","0.2701","0.04543","0.05016"
"130.801","5915","0.2704","0.04556","0.05029"
"130.901","5915","0.2707","0.04569","0.05042"
"131.001","5916","0.2711","0.04581","0.05055"
"131.101","5917","0.2714","0.04594","0.05068"
"131.201","5917","0.2717","0.04610","0.05081"
"131.301","5918","0.2721","0.04624","0.05094"
"131.401","5919","0.2724","0.04637","0.05107"
"131.501","5919","0.2727","0.04650","0.05120"
"131.601","5920","0.2731","0.04664","0.05133"
"131.701","5921","0.2734","0.04677","0.05147"
"131.801","5922","0.2737","0.04692","0.05159"
"131.901","5922","0.2741","0.04706","0.05171"
"132.001","5923","0.2744","0.04717","0.05184"
"132.101","5923","0.2747","0.04717","0.05197"
"132.201","5924","0.2751","0.04702","0.05210"
"132.301","5925","0.2754","0.04702","0.05223"
"132.401","5925","0.2757","0.04714","0.05237"
"132.501","5926","0.2761","0.04724","0.05250"
"132.601","5926","0.2764","0.04737","0.05263"
"132.701","5927","0.2767","0.04746","0.05276"
"132.801","5928","0.2771","0.04759","0.05289"
"132.901","5928","0.2774","0.04770","0.05302"
"133.001","5929","0.2777","0.04783","0.05316"
"133.101","5929","0.2781","0.04795","0.05329"
"133.201","5930","0.2784","0.04812","0.05342"
"133.301","5930","0.2787","0.04825","0.05355"
"133.401","5931","0.2791","0.04838","0.05368"
"133.501","5932","0.2794","0.04850","0.05381"
"133.601","5932","0.2797","0.04864","0.05394"
"133.701","5933","0.2801","0.04874","0.05408"
"133.801","5934","0.2804","0.04886","0.05421"
"133.901","5934","0.2807","0.04901","0.05434"
"134.001","5935","0.2811","0.04914","0.05447"
"134.101","5936","0.2814","0.04927","0.05460"
"134.201","5936","0.2817","0.04942","0.05474"
"134.301","5937","0.2821","0.04955","0.05487"
"134.401","5937","0.2824","0.04968","0.05500"
"134.501","5938","0.2827","0.04982","0.05513"
"134.601","5938","0.2831","0.04995","0.05525"
"134.701","5939","0.2834","0.05009","0.05538"
"134.801","5940","0.2837","0.05023","0.05551"
"134.901","5940","0.2841","0.05036","0.05565"
"135.001","5941","0.2844","0.05048","0.05578"
"135.101","5941","0.2847","0.05061","0.05591"
"135.201","5942","0.2851","0.05074","0.05604"
"135.301","5942","0.2854","0.05088","0.05617"
"135.401","5943","0.2857","0.05101","0.05631"
"135.501","5944","0.2861","0.05115","0.05644"
"135.601","5944","0.2864","0.05128","0.05658"
"135.701","5944","0.2867","0.05140","0.05671"
"135.801","5945","0.2871","0.05152","0.05684"
"135.901","5945","0.2874","0.05166","0.05697"
"136.001","5946","0.2877","0.05180","0.05710"
"136.101","5947","0.2881","0.05193","0.05724"
"136.201","5947","0.2884","0.05206","0.05737"
"136.301","5948","0.2887","0.05220","0.05750"
"136.401","5948","0.2891","0.05234","0.05763"
"136.501","5949","0.2894","0.05250","0.05777"
"136.601","5950","0.2897","0.05265","0.05790"
"136.701","5951","0.2901","0.05279","0.05804"
"136.801","5951","0.2904","0.05294","0.05817"
"136.901","5951","0.2907","0.05307","0.05830"
"137.001","5952","0.2911","0.05321","0.05844"
"137.101","5952","0.2914","0.05335","0.05855"
"137.201","5953","0.2917","0.05348","0.05869"
"137.301","5953","0.2921","0.05357","0.05882"
"137.401","5954","0.2924","0.05347","0.05895"
"137.501","5954","0.2927","0.05340","0.05908"
"137.601","5955","0.2931","0.05349","0.05922"
"137.701","5955","0.2934","0.05359","0.05935"
"137.801","5956","0.2937","0.05371","0.05949"
"137.901","5957","0.2941","0.05384","0.05962"
"138.001","5957","0.2944","0.05398","0.05976"
"138.101","5958","0.2947","0.05423","0.05989"
"138.201","5958","0.2951","0.05431","0.06002"
"138.301","5959","0.2954","0.05443","0.06016"
"138.401","5959","0.2957","0.05458","0.06029"
"138.501","5959","0.2961","0.05468","0.06043"
"138.601","5960","0.2964","0.05482","0.06056"
"138.701","5961","0.2967","0.05496","0.06070"
"138.801","5961","0.2971","0.05508","0.06083"
"138.901","5962","0.2974","0.05517","0.06097"
"139.001","5962","0.2977","0.05531","0.06110"
"139.101","5962","0.2981","0.05543","0.06124"
"139.201","5963","0.2984","0.05557","0.06137"
"139.301","5964","0.2987","0.05570","0.06151"
"139.401","5964","0.2991","0.05583","0.06163"
"139.501","5964","0.2994","0.05596","0.06176"
"139.601","5965","0.2997","0.05610","0.06190"
"139.701","5965","0.3001","0.05623","0.06203"
"139.801","5966","0.3004","0.05635","0.06217"
"139.901","5967","0.3007","0.05649","0.06231"
"140.001","5967","0.3011","0.05662","0.06244"
"140.101","5967","0.3014","0.05676","0.06258"
"140.201","5968","0.3017","0.05689","0.06271"
"140.301","5968","0.3021","0.05702","0.06285"
"140.401","5969","0.3024","0.05715","0.06299"
"140.501","5969","0.3027","0.05728","0.06312"
"140.601","5970","0.3031","0.05740","0.06326"
"140.701","5970","0.3034","0.05753","0.06340"
"140.801","5971","0.3037","0.05766","0.06353"
"140.901","5971","0.3041","0.05779","0.06367"
"141.001","5972","0.3044","0.05793","0.06380"
"141.101","5972","0.3047","0.05805","0.06394"
"141.201","5972","0.3051","0.05818","0.06408"
"141.301","5973","0.3054","0.05831","0.06422"
"141.401","5973","0.3057","0.05845","0.06435"
"141.501","5974","0.3061","0.05859","0.06449"
"141.601","5974","0.3064","0.05872","0.06462"
"141.701","5975","0.3067","0.05885","0.06475"
"141.801","5975","0.3071","0.05899","0.06489"
"141.901","5975","0.3074","0.05914","0.06502"
"142.001","5976","0.3077","0.05929","0.06516"
"142.101","5976","0.3081","0.05944","0.06530"
"142.201","5977","0.3084","0.05959","0.06544"
"142.301","5977","0.3087","0.05973","0.06558"
"142.401","5978","0.3091","0.05988","0.06571"
"142.501","5978","0.3094","0.06001","0.06585"
"142.601","5979","0.3097","0.06009","0.06599"
"142.701","5979","0.3101","0.06004","0.06612"
"142.801","5979","0.3104","0.06006","0.06626"
"142.901","5980","0.3107","0.06016","0.06640"
"143.001","5980","0.3111","0.06027","0.06654"
"143.101","5981","0.3114","0.06040","0.06668"
"143.201","5981","0.3117","0.06052","0.06681"
"143.301","5981","0.3121","0.06064","0.06695"
"143.401","5982","0.3124","0.06077","0.06709"
"143.501","5982","0.3127","0.06090","0.06723"
"143.601","5983","0.3131","0.06102","0.06737"
"143.701","5983","0.3134","0.06116","0.06750"
"143.801","5983","0.3137","0.06130","0.06764"
"143.901","5984","0.3141","0.06143","0.06778"
"144.001","5984","0.3144","0.06156","0.06791"
"144.101","5985","0.3147","0.06170","0.06805"
"144.201","5985","0.3151","0.06184","0.06819"
"144.301","5986","0.3154","0.06198","0.06833"
"144.401","5986","0.3157","0.06211","0.06847"
"144.501","5986","0.3161","0.06226","0.06860"
"144.601","5987","0.3164","0.06240","0.06874"
"144.701","5987","0.3167","0.06254","0.06888"
"144.801","5987","0.3171","0.06268","0.06902"
"144.901","5988","0.3174","0.06283","0.06916"
"145.001","5988","0.3177","0.06298","0.06930"
"145.101","5989","0.3181","0.06310","0.06944"
"145.201","5989","0.3184","0.06324","0.06958"
"145.301","5989","0.3187","0.06339","0.06972"
"145.401","5990","0.3191","0.06351","0.06986"
"145.501","5990","0.3194","0.06365","0.07000"
"145.601","5991","0.3197","0.06376","0.07014"
"145.701","5991","0.3201","0.06390","0.07028"
"145.801","5991","0.3204","0.06403","0.07042"
"145.901","5991","0.3207","0.06416","0.07056"
"146.001","5992","0.3211","0.06430","0.07070"
"146.101","5992","0.3214","0.06444","0.07084"
"146.201","5993","0.3217","0.06458","0.07099"
"146.301","5993","0.3221","0.06472","0.07112"
"146.401","5993","0.3224","0.06485","0.07125"
"146.501","5994","0.3227","0.06498","0.07140"
"146.601","5994","0.3231","0.06512","0.07154"
"146.701","5994","0.3234","0.06526","0.07168"
"146.801","5995","0.3237","0.06540","0.07182"
"146.901","5995","0.3241","0.06554","0.07196"
"147.001","5995","0.3244","0.06568","0.07210"
"147.101","5996","0.3247","0.06581","0.07225"
"147.201","5996","0.3251","0.06595","0.07239"
"147.301","5996","0.3254","0.06610","0.07253"
"147.401","5997","0.3257","0.06624","0.07267"
"147.501","5997","0.3261","0.06638","0.07281"
"147.601","5998","0.3264","0.06652","0.07296"
"147.701","5998","0.3267","0.06666","0.07310"
"147.801","5998","0.3271","0.06680","0.07324"
"147.901","5998","0.3274","0.06694","0.07338"
"148.001","5999","0.3277","0.06706","0.07353"
"148.101","5999","0.3281","0.06714","0.07367"
"148.201","5999","0.3284","0.06711","0.07381"
"148.301","6000","0.3287","0.06717","0.07396"
"148.401","6000","0.3291","0.06727","0.07410"
"148.501","6000","0.3294","0.06744","0.07424"
"148.601","6001","0.3297","0.06755","0.07438"
"148.701","6001","0.3301","0.06767","0.07453"
"148.801","6001","0.3304","0.06779","0.07467"
"148.901","6001","0.3307","0.06793","0.07482"
"149.001","6002","0.3311","0.06807","0.07495"
"149.101","6002","0.3314","0.06822","0.07509"
"149.201","6002","0.3317","0.06837","0.07523"
"149.301","6003","0.3321","0.06850","0.07538"
"149.401","6003","0.3324","0.06864","0.07552"
"149.501","6003","0.3327","0.06877","0.07567"
"149.601","6004","0.3331","0.06891","0.07581"
"149.701","6004","0.3334","0.06905","0.07596"
"149.801","6004","0.3337","0.06920","0.07610"
"149.901","6005","0.3341","0.06933","0.07625"
"150.001","6005","0.3344","0.06948","0.07639"
"150.101","6005","0.3347","0.06962","0.07653"
"150.201","6005","0.3351","0.06977","0.07668"
"150.301","6005","0.3354","0.06988","0.07682"
"150.401","6006","0.3357","0.07001","0.07697"
"150.501","6006","0.3361","0.07015","0.07712"
"150.601","6007","0.3364","0.07029","0.07726"
"150.701","6007","0.3367","0.07044","0.07741"
"150.801","6007","0.3371","0.07057","0.07755"
"150.901","6007","0.3374","0.07070","0.07770"
"151.001","6007","0.3377","0.07084","0.07784"
"151.101","6008","0.3381","0.07097","0.07799"
"151.201","6008","0.3384","0.07111","0.07813"
"151.301","6008","0.3387","0.07125","0.07828"
"151.401","6009","0.3391","0.07138","0.07843"
"151.501","6009","0.3394","0.07152","0.07857"
"151.601","6009","0.3397","0.07167","0.07871"
"151.701","6010","0.3401","0.07181","0.07886"
"151.801","6010","0.3404","0.07195","0.07900"
"151.901","6010","0.3407","0.07209","0.07915"
"152.001","6010","0.3411","0.07223","0.07930"
"152.101","6010","0.3414","0.07238","0.07945"
"152.201","6010","0.3417","0.07253","0.07959"
"152.301","6011","0.3421","0.07268","0.07974"
"152.401","6011","0.3424","0.07281","0.07989"
"152.501","6011","0.3427","0.07295","0.08004"
"152.601","6011","0.3431","0.07309","0.08019"
"152.701","6012","0.3434","0.07324","0.08034"
"152.801","6012","0.3437","0.07339","0.08049"
"152.901","6012","0.3441","0.07352","0.08063"
"153.001","6012","0.3444","0.07366","0.08078"
"153.101","6013","0.3447","0.07380","0.08093"
"153.201","6013","0.3451","0.07394","0.08108"
"153.301","6013","0.3454","0.07409","0.08123"
"153.401","6013","0.3457","0.07425","0.08138"
"153.501","6013","0.3461","0.07441","0.08153"
"153.601","6014","0.3464","0.07451","0.08168"
"153.701","6014","0.3467","0.07460","0.08183"
"153.801","6014","0.3471","0.07462","0.08199"
"153.901","6015","0.3474","0.07478","0.08214"
"154.001","6014","0.3477","0.07489","0.08229"
"154.101","6015","0.3481","0.07503","0.08244"
"154.201","6015","0.3484","0.07517","0.08259"
"154.301","6015","0.3487","0.07532","0.08273"
"154.401","6015","0.3491","0.07545","0.08287"
"154.501","6015","0.3494","0.07558","0.08301"
"154.601","6016","0.3497","0.07573","0.08316"
"154.701","6016","0.3501","0.07587","0.08331"
"154.801","6016","0.3504","0.07602","0.08346"
"154.901","6016","0.3507","0.07617","0.08361"
"155.001","6017","0.3511","0.07632","0.08377"
"155.101","6017","0.3514","0.07647","0.08392"
"155.201","6017","0.3517","0.07660","0.08407"
"155.301","6017","0.3521","0.07674","0.08423"
"155.401","6017","0.3524","0.07688","0.08438"
"155.501","6017","0.3527","0.07701","0.08453"
"155.601","6018","0.3531","0.07715","0.08468"
"155.701","6018","0.3534","0.07730","0.08484"
"155.801","6018","0.3537","0.07746","0.08499"
"155.901","6018","0.3541","0.07760","0.08514"
"156.001","6018","0.3544","0.07774","0.08530"
"156.101","6018","0.3547","0.07788","0.08545"
"156.201","6019","0.3551","0.07802","0.08561"
"156.301","6019","0.3554","0.07817","0.08576"
"156.401","6019","0.3557","0.07833","0.08592"
"156.501","6019","0.3561","0.07848","0.08607"
"156.601","6019","0.3564","0.07864","0.08623"
"156.701","6019","0.3567","0.07878","0.08638"
"156.801","6020","0.3571","0.07893","0.08654"
"156.901","6020","0.3574","0.07908","0.08667"
"157.001","6020","0.3577","0.07921","0.08683"
"157.101","6020","0.3581","0.07935","0.08699"
"157.201","6020","0.3584","0.07951","0.08714"
"157.301","6020","0.3587","0.07965","0.08730"
"157.401","6020","0.3591","0.07978","0.08745"
"157.501","6021","0.3594","0.07992","0.08761"
"157.601","6021","0.3597","0.08006","0.08777"
"157.701","6021","0.3601","0.08020","0.08792"
"157.801","6021","0.3604","0.08035","0.08808"
"157.901","6021","0.3607","0.08050","0.08824"
"158.001","6021","0.3611","0.08065","0.08840"
"158.101","6022","0.3614","0.08079","0.08856"
"158.201","6021","0.3617","0.08094","0.08871"
"158.301","6022","0.3621","0.08108","0.08887"
"158.401","6022","0.3624","0.08123","0.08903"
"158.501","6021","0.3627","0.08138","0.08918"
"158.601","6022","0.3631","0.08152","0.08934"
"158.701","6022","0.3634","0.08167","0.08950"
"158.801","6022","0.3637","0.08183","0.08966"
"158.901","6022","0.3641","0.08198","0.08982"
"159.001","6022","0.3644","0.08213","0.08998"
"159.101","6023","0.3647","0.08229","0.09014"
"159.201","6023","0.3651","0.08245","0.09030"
"159.301","6023","0.3654","0.08255","0.09046"
"159.401","6023","0.3657","0.08264","0.09062"
"159.501","6023","0.3661","0.08272","0.09078"
"159.601","6023","0.3664","0.08288","0.09094"
"159.701","6023","0.3667","0.08300","0.09109"
"159.801","6023","0.3671","0.08315","0.09125"
"159.901","6024","0.3674","0.08330","0.09141"
"160.001","6023","0.3677","0.08345","0.09157"
"160.101","6024","0.3681","0.08361","0.09174"
"160.201","6023","0.3684","0.08376","0.09190"
"160.301","6024","0.3687","0.08390","0.09206"
"160.401","6024","0.3691","0.08406","0.09222"
"160.501","6024","0.3694","0.08422","0.09239"
"160.601","6024","0.3697","0.08437","0.09255"
"160.701","6024","0.3701","0.08452","0.09272"
"160.801","6024","0.3704","0.08467","0.09288"
"160.901","6024","0.3707","0.08482","0.09304"
"161.001","6024","0.3711","0.08497","0.09321"
"161.101","6025","0.3714","0.08512","0.09337"
"161.201","6025","0.3717","0.08527","0.09354"
"161.301","6025","0.3721","0.08543","0.09370"
"161.401","6024","0.3724","0.08557","0.09387"
"161.501","6025","0.3727","0.08572","0.09403"
"161.601","6024","0.3731","0.08587","0.09420"
"161.701","6025","0.3734","0.08601","0.09436"
"161.801","6025","0.3737","0.08617","0.09453"
"161.901","6025","0.3741","0.08631","0.09469"
"162.001","6025","0.3744","0.08647","0.09486"
"162.101","6025","0.3747","0.08662","0.09503"
"162.201","6025","0.3751","0.08678","0.09519"
"162.301","6025","0.3754","0.08694","0.09536"
"162.401","6025","0.3757","0.08709","0.09553"
"162.501","6025","0.3761","0.08725","0.09569"
"162.601","6025","0.3764","0.08741","0.09585"
"162.701","6025","0.3767","0.08756","0.09602"
"162.801","6025","0.3771","0.08771","0.09619"
"162.901","6025","0.3774","0.08788","0.09636"
"163.001","6026","0.3777","0.08804","0.09653"
"163.101","6026","0.3781","0.08818","0.09670"
"163.201","6026","0.3784","0.08834","0.09687"
"163.301","6026","0.3787","0.08849","0.09704"
"163.401","6026","0.3791","0.08866","0.09721"
"163.501","6025","0.3794","0.08882","0.09738"
"163.601","6026","0.3797","0.08898","0.09755"
"163.701","6026","0.3801","0.08914","0.09773"
"163.801","6026","0.3804","0.08931","0.09789"
"163.901","6025","0.3807","0.08947","0.09807"
"164.001","6026","0.3811","0.08962","0.09824"
"164.101","6026","0.3814","0.08977","0.09841"
"164.201","6026","0.3817","0.08994","0.09858"
"164.301","6026","0.3821","0.09008","0.09876"
"164.401","6026","0.3824","0.09024","0.09893"
"164.501","6026","0.3827","0.09040","0.09911"
"164.601","6026","0.3831","0.09056","0.09928"
"164.701","6026","0.3834","0.09072","0.09945"
"164.801","6026","0.3837","0.09087","0.09963"
"164.901","6026","0.3841","0.09103","0.09980"
"165.001","6026","0.3844","0.09119","0.09996"
"165.101","6026","0.3847","0.09136","0.10014"
"165.201","6026","0.3851","0.09150","0.10031"
"165.301","6026","0.3854","0.09163","0.10049"
"165.401","6026","0.3857","0.09175","0.10067"
"165.501","6026","0.3861","0.09189","0.10085"
"165.601","6026","0.3864","0.09203","0.10102"
"165.701","6026","0.3867","0.09218","0.10120"
"165.801","6026","0.3871","0.09233","0.10138"
"165.901","6025","0.3874","0.09249","0.10156"
"166.001","6026","0.3877","0.09265","0.10173"
"166.101","6026","0.3881","0.09282","0.10191"
"166.201","6026","0.3884","0.09299","0.10209"
"166.301","6026","0.3887","0.09315","0.10227"
"166.401","6026","0.3891","0.09332","0.10245"
"166.501","6026","0.3894","0.09349","0.10263"
"166.601","6026","0.3897","0.09366","0.10281"
"166.701","6025","0.3901","0.09381","0.10299"
"166.801","6025","0.3904","0.09397","0.10317"
"166.901","6026","0.3907","0.09414","0.10336"
"167.001","6025","0.3911","0.09430","0.10354"
"167.101","6025","0.3914","0.09446","0.10372"
"167.201","6026","0.3917","0.09463","0.10391"
"167.255","6025","0.3919","0.09472","0.10400"
"268.264","5658","0.3921","0.09546","0.10400"
"268.291","5658","0.3921","0.09546","0.10400"
"268.391","5663","0.3921","0.09546","0.10400"
"268.465","5714","0.3924","0.09547","0.10400"
"268.548","5764","0.3927","0.09550","0.10400"
"268.635","5814","0.3930","0.09554","0.10400"
"268.724","5864","0.3933","0.09561","0.10400"
"268.816","5914","0.3936","0.09573","0.10400"
"268.914","5965","0.3939","0.09579","0.10400"
"269.014","6013","0.3942","0.09587","0.10400"
"269.114","6055","0.3946","0.09592","0.10400"
"269.214","6090","0.3949","0.09600","0.10400"
"269.314","6116","0.3952","0.09611","0.10400"
"269.414","6133","0.3956","0.09622","0.10400"
"269.514","6141","0.3959","0.09635","0.10400"
"269.614","6142","0.3962","0.09648","0.10400"
"269.714","6140","0.3966","0.09662","0.10400"
"269.814","6136","0.3969","0.09678","0.10400"
"269.914","6130","0.3972","0.09694","0.10400"
"270.014","6124","0.3976","0.09710","0.10400"
"270.114","6117","0.3979","0.09726","0.10400"
"270.214","6110","0.3982","0.09742","0.10400"
"270.314","6104","0.3986","0.09765","0.10400"
"270.414","6097","0.3989","0.09783","0.10400"
"270.514","6090","0.3992","0.09800","0.10400"
"270.614","6083","0.3996","0.09817","0.10400"
"270.714","6076","0.3999","0.09835","0.10400"
"270.814","6069","0.4002","0.09847","0.10400"
"270.914","6062","0.4006","0.09866","0.10400"
"271.014","6057","0.4009","0.09888","0.10400"
"271.114","6052","0.4012","0.09908","0.10400"
"271.214","6047","0.4016","0.09924","0.10400"
"271.314","6043","0.4019","0.09942","0.10400"
"271.414","6040","0.4022","0.09958","0.10400"
"271.514","6038","0.4026","0.09974","0.10400"
"271.614","6036","0.4029","0.09989","0.10400"
"271.714","6034","0.4032","0.10006","0.10400"
"271.814","6032","0.4036","0.10022","0.10400"
"271.914","6031","0.4039","0.10037","0.10400"
"272.014","6030","0.4042","0.10049","0.10400"
"272.114","6029","0.4046","0.10058","0.10400"
"272.214","6028","0.4049","0.10080","0.10400"
"272.314","6027","0.4052","0.10093","0.10400"
"272.414","6027","0.4056","0.10108","0.10400"
"272.514","6026","0.4059","0.10123","0.10400"
"272.614","6025","0.4062","0.10139","0.10400"
"272.714","6025","0.4066","0.10157","0.10400"
"272.814","6024","0.4069","0.10172","0.10400"
"272.914","6024","0.4072","0.10187","0.10400"
"273.014","6023","0.4076","0.10203","0.10400"
"273.114","6023","0.4079","0.10217","0.10400"
"273.214","6022","0.4082","0.10234","0.10400"
"273.314","6022","0.4086","0.10250","0.10400"
"273.414","6021","0.4089","0.10266","0.10400"
"273.514","6020","0.4092","0.10282","0.10400"
"273.614","6020","0.4096","0.10300","0.10400"
"273.714","6019","0.4099","0.10316","0.10400"
"273.814","6019","0.4102","0.10332","0.10400"
"273.914","6019","0.4106","0.10347","0.10400"
"274.014","6018","0.4109","0.10364","0.10400"
"274.114","6017","0.4112","0.10381","0.10400"
"274.214","6017","0.4116","0.10397","0.10400"
"274.314","6016","0.4119","0.10414","0.10400"
"274.414","6016","0.4122","0.10430","0.10400"
"274.514","6015","0.4126","0.10447","0.10400"
"274.614","6014","0.4129","0.10466","0.10400"
"274.714","6014","0.4132","0.10481","0.10400"
"274.814","6014","0.4136","0.10497","0.10400"
"274.914","6013","0.4139","0.10514","0.10400"
"275.014","6012","0.4142","0.10530","0.10400"
"275.114","6011","0.4146","0.10546","0.10400"
"275.214","6011","0.4149","0.10563","0.10400"
"275.314","6010","0.4152","0.10579","0.10400"
"275.414","6010","0.4156","0.10597","0.10400"
"275.514","6009","0.4159","0.10613","0.10400"
"275.614","6008","0.4162","0.10631","0.10400"
"275.714","6008","0.4166","0.10646","0.10400"
"275.814","6007","0.4169","0.10662","0.10400"
"275.914","6006","0.4172","0.10679","0.10400"
"276.014","6006","0.4176","0.10696","0.10400"
"276.114","6005","0.4179","0.10712","0.10400"
"276.214","6004","0.4182","0.10728","0.10400"
"276.314","6003","0.4186","0.10744","0.10400"
"276.414","6002","0.4189","0.10759","0.10400"
"276.514","6001","0.4192","0.10774","0.10400"
"276.614","6001","0.4196","0.10790","0.10400"
"276.714","6001","0.4199","0.10807","0.10400"
"276.814","5999","0.4202","0.10824","0.10400"
"276.914","5998","0.4206","0.10840","0.10400"
"277.014","5998","0.4209","0.10858","0.10400"
"277.114","5996","0.4212","0.10877","0.10400"
"277.214","5996","0.4216","0.10893","0.10400"
"277.314","5995","0.4219","0.10910","0.10400"
"277.414","5994","0.4222","0.10927","0.10400"
"277.514","5993","0.4226","0.10943","0.10400"
"277.614","5992","0.4229","0.10959","0.10400"
"277.714","5991","0.4232","0.10975","0.10400"
"277.814","5990","0.4236","0.10990","0.10400"
"277.914","5989","0.4239","0.11008","0.10400"
"278.014","5988","0.4242","0.11024","0.10400"
"278.114","5987","0.4246","0.11039","0.10400"
"278.214","5985","0.4249","0.11054","0.10400"
"278.314","5985","0.4252","0.11069","0.10400"
"278.414","5983","0.4256","0.11086","0.10400"
"278.514","5982","0.4259","0.11102","0.10400"
"278.614","5982","0.4262","0.11119","0.10400"
"278.714","5980","0.4266","0.11135","0.10400"
"278.814","5979","0.4269","0.11151","0.10400"
"278.914","5978","0.4272","0.11168","0.10400"
"279.014","5977","0.4276","0.11186","0.10400"
"279.114","5975","0.4279","0.11202","0.10400"
"279.214","5974","0.4282","0.11220","0.10400"
"279.314","5973","0.4286","0.11234","0.10400"
"279.414","5971","0.4289","0.11248","0.10400"
"279.514","5970","0.4292","0.11263","0.10400"
"279.614","5969","0.4296","0.11278","0.10400"
"279.714","5968","0.4299","0.11293","0.10400"
"279.814","5966","0.4302","0.11309","0.10400"
"279.914","5965","0.4306","0.11325","0.10400"
"280.014","5964","0.4309","0.11340","0.10400"
"280.114","5962","0.4312","0.11357","0.10400"
"280.214","5960","0.4316","0.11374","0.10400"
"280.314","5959","0.4319","0.11392","0.10400"
"280.414","5958","0.4322","0.11408","0.10400"
"280.514","5956","0.4326","0.11424","0.10400"
"280.614","5955","0.4329","0.11441","0.10400"
"280.714","5953","0.4332","0.11456","0.10400"
"280.814","5952","0.4336","0.11471","0.10400"
"280.914","5950","0.4339","0.11487","0.10400"
"281.014","5949","0.4342","0.11502","0.10400"
"281.114","5947","0.4346","0.11517","0.10400"
"281.214","5946","0.4349","0.11533","0.10400"
"281.314","5944","0.4352","0.11548","0.10400"
"281.414","5942","0.4356","0.11563","0.10400"
"281.514","5940","0.4359","0.11578","0.10400"
"281.614","5939","0.4362","0.11593","0.10400"
"281.714","5937","0.4366","0.11609","0.10400"
"281.814","5936","0.4369","0.11625","0.10400"
"281.914","5934","0.4372","0.11641","0.10400"
"282.014","5932","0.4376","0.11656","0.10400"
"282.114","5930","0.4379","0.11673","0.10400"
"282.214","5928","0.4382","0.11688","0.10400"
"282.314","5927","0.4386","0.11703","0.10400"
"282.414","5925","0.4389","0.11718","0.10400"
"282.514","5923","0.4392","0.11736","0.10400"
"282.614","5921","0.4396","0.11752","0.10400"
"282.714","5919","0.4399","0.11767","0.10400"
"282.814","5917","0.4402","0.11781","0.10400"
"282.914","5915","0.4406","0.11796","0.10400"
"283.014","5913","0.4409","0.11812","0.10400"
"283.114","5911","0.4412","0.11829","0.10400"
"283.214","5909","0.4416","0.11844","0.10400"
"283.314","5907","0.4419","0.11859","0.10400"
"283.414","5905","0.4422","0.11874","0.10400"
"283.514","5903","0.4426","0.11889","0.10400"
"283.614","5901","0.4429","0.11904","0.10400"
"283.714","5899","0.4432","0.11919","0.10400"
"283.814","5897","0.4436","0.11933","0.10400"
"283.914","5895","0.4439","0.11947","0.10400"
"284.014","5893","0.4442","0.11961","0.10400"
"284.114","5891","0.4446","0.11975","0.10400"
"284.214","5889","0.4449","0.11990","0.10400"
"284.314","5886","0.4452","0.12005","0.10400"
"284.414","5884","0.4456","0.12019","0.10400"
"284.514","5882","0.4459","0.12034","0.10400"
"284.614","5880","0.4462","0.12049","0.10400"
"284.714","5877","0.4466","0.12062","0.10400"
"284.814","5875","0.4469","0.12078","0.10400"
"284.914","5873","0.4472","0.12090","0.10400"
"285.014","5871","0.4476","0.12106","0.10400"
"285.114","5868","0.4479","0.12120","0.10400"
"285.214","5866","0.4482","0.12135","0.10400"
"285.314","5863","0.4486","0.12151","0.10400"
"285.414","5861","0.4489","0.12167","0.10400"
"285.514","5859","0.4492","0.12182","0.10400"
"285.614","5856","0.4496","0.12198","0.10400"
"285.714","5854","0.4499","0.12212","0.10400"
"285.814","5851","0.4502","0.12228","0.10400"
"285.914","5849","0.4506","0.12241","0.10400"
"286.014","5847","0.4509","0.12255","0.10400"
"286.114","5844","0.4512","0.12268","0.10400"
"286.214","5842","0.4516","0.12283","0.10400"
"286.314","5839","0.4519","0.12298","0.10400"
"286.414","5836","0.4522","0.12312","0.10400"
"286.514","5834","0.4526","0.12326","0.10400"
"286.614","5831","0.4529","0.12342","0.10400"
"286.714","5829","0.4532","0.12357","0.10400"
"286.814","5826","0.4536","0.12373","0.10400"
"286.914","5823","0.4539","0.12388","0.10400"
"287.014","5821","0.4542","0.12403","0.10400"
"287.114","5818","0.4546","0.12418","0.10400"
"287.214","5815","0.4549","0.12435","0.10400"
"287.314","5813","0.4552","0.12451","0.10400"
"287.414","5810","0.4556","0.12467","0.10400"
"287.514","5807","0.4559","0.12483","0.10400"
"287.614","5805","0.4562","0.12496","0.10400"
"287.714","5802","0.4566","0.12512","0.10400"
"287.814","5799","0.4569","0.12526","0.10400"
"287.914","5796","0.4572","0.12540","0.10400"
"288.014","5794","0.4576","0.12554","0.10400"
"288.114","5791","0.4579","0.12568","0.10400"
"288.214","5788","0.4582","0.12583","0.10400"
"288.314","5785","0.4586","0.12598","0.10400"
"288.414","5782","0.4589","0.12612","0.10400"
"288.514","5779","0.4592","0.12627","0.10400"
"288.614","5777","0.4596","0.12641","0.10400"
"288.714","5773","0.4599","0.12654","0.10400"
"288.814","5770","0.4602","0.12669","0.10400"
"288.914","5767","0.4606","0.12685","0.10400"
"289.014","5764","0.4609","0.12699","0.10400"
"289.114","5761","0.4612","0.12713","0.10400"
"289.214","5758","0.4616","0.12727","0.10400"
"289.314","5756","0.4619","0.12741","0.10400"
"289.414","5752","0.4622","0.12755","0.10400"
"289.514","5749","0.4626","0.12770","0.10400"
"289.614","5746","0.4629","0.12786","0.10400"
"289.714","5743","0.4632","0.12803","0.10400"
"289.814","5740","0.4636","0.12817","0.10400"
"289.914","5737","0.4639","0.12831","0.10400"
"290.014","5734","0.4642","0.12846","0.10400"
"290.114","5730","0.4646","0.12860","0.10400"
"290.214","5727","0.4649","0.12874","0.10400"
"290.314","5724","0.4652","0.12887","0.10400"
"290.414","5721","0.4656","0.12902","0.10400"
"290.514","5718","0.4659","0.12918","0.10400"
"290.614","5714","0.4662","0.12935","0.10400"
"290.714","5711","0.4666","0.12952","0.10400"
"290.814","5708","0.4669","0.12967","0.10400"
"290.914","5704","0.4672","0.12982","0.10400"
"291.014","5701","0.4676","0.12996","0.10400"
"291.114","5698","0.4679","0.13010","0.10400"
"291.214","5694","0.4682","0.13026","0.10400"
"291.314","5691","0.4686","0.13040","0.10400"
"291.414","5687","0.4689","0.13055","0.10400"
"291.514","5684","0.4692","0.13071","0.10400"
"291.614","5680","0.4696","0.13087","0.10400"
"291.714","5677","0.4699","0.13103","0.10400"
"291.814","5673","0.4702","0.13119","0.10400"
"291.914","5670","0.4706","0.13133","0.10400"
"292.014","5666","0.4709","0.13147","0.10400"
"292.114","5663","0.4712","0.13162","0.10400"
"292.214","5659","0.4716","0.13176","0.10400"
"292.314","5656","0.4719","0.13190","0.10400"
"292.414","5652","0.4722","0.13205","0.10400"
"292.514","5649","0.4726","0.13219","0.10400"
"292.614","5645","0.4729","0.13234","0.10400"
"292.714","5641","0.4732","0.13248","0.10400"
"292.814","5637","0.4736","0.13262","0.10400"
"292.914","5634","0.4739","0.13274","0.10400"
"293.014","5630","0.4742","0.13289","0.10400"
"293.114","5626","0.4746","0.13303","0.10400"
"293.214","5623","0.4749","0.13317","0.10400"
"293.314","5619","0.4752","0.13332","0.10400"
"293.414","5615","0.4756","0.13347","0.10400"
"293.514","5611","0.4759","0.13362","0.10400"
"293.614","5608","0.4762","0.13376","0.10400"
"293.714","5604","0.4766","0.13390","0.10400"
"293.814","5600","0.4769","0.13407","0.10400"
"293.914","5596","0.4772","0.13421","0.10400"
"294.014","5592","0.4776","0.13436","0.10400"
"294.114","5588","0.4779","0.13450","0.10400"
"294.214","5584","0.4782","0.13464","0.10400"
"294.314","5580","0.4786","0.13478","0.10400"
"294.414","5576","0.4789","0.13492","0.10400"
"294.514","5572","0.4792","0.13507","0.10400"
"294.614","5568","0.4796","0.13523","0.10400"
"294.714","5564","0.4799","0.13538","0.10400"
"294.814","5560","0.4802","0.13552","0.10400"
"294.914","5556","0.4806","0.13567","0.10400"
"295.014","5552","0.4809","0.13582","0.10400"
"295.114","5547","0.4812","0.13598","0.10400"
"295.214","5543","0.4816","0.13613","0.10400"
"295.314","5539","0.4819","0.13627","0.10400"
"295.414","5535","0.4822","0.13641","0.10400"
"295.514","5531","0.4826","0.13655","0.10400"
"295.614","5527","0.4829","0.13670","0.10400"
"295.714","5522","0.4832","0.13682","0.10400"
"295.814","5518","0.4836","0.13696","0.10400"
"295.914","5514","0.4839","0.13710","0.10400"
"296.014","5509","0.4842","0.13724","0.10400"
"296.114","5505","0.4846","0.13737","0.10400"
"296.214","5501","0.4849","0.13752","0.10400"
"296.314","5496","0.4852","0.13764","0.10400"
"296.414","5492","0.4856","0.13780","0.10400"
"296.514","5487","0.4859","0.13795","0.10400"
"296.614","5483","0.4862","0.13811","0.10400"
"296.714","5479","0.4866","0.13824","0.10400"
"296.814","5474","0.4869","0.13839","0.10400"
"296.914","5469","0.4872","0.13855","0.10400"
"297.014","5465","0.4876","0.13869","0.10400"
"297.114","5460","0.4879","0.13884","0.10400"
"297.214","5455","0.4882","0.13898","0.10400"
"297.314","5451","0.4886","0.13912","0.10400"
"297.414","5446","0.4889","0.13927","0.10400"
"297.514","5441","0.4892","0.13944","0.10400"
"297.614","5437","0.4896","0.13959","0.10400"
"297.714","5432","0.4899","0.13974","0.10400"
"297.814","5427","0.4902","0.13987","0.10400"
"297.914","5423","0.4906","0.14001","0.10400"
"298.014","5418","0.4909","0.14015","0.10400"
"298.114","5413","0.4912","0.14030","0.10400"
"298.214","5408","0.4916","0.14046","0.10400"
"298.314","5403","0.4919","0.14061","0.10400"
"298.414","5398","0.4922","0.14075","0.10400"
"298.514","5393","0.4926","0.14090","0.10400"
"298.614","5389","0.4929","0.14104","0.10400"
"298.714","5384","0.4932","0.14119","0.10400"
"298.814","5379","0.4936","0.14135","0.10400"
"298.914","5373","0.4939","0.14150","0.10400"
"299.014","5369","0.4942","0.14164","0.10400"
"299.114","5364","0.4946","0.14178","0.10400"
"299.214","5359","0.4949","0.14192","0.10400"
"299.314","5354","0.4952","0.14205","0.10400"
"299.414","5348","0.4956","0.14219","0.10400"
"299.514","5343","0.4959","0.14232","0.10400"
"299.614","5338","0.4962","0.14247","0.10400"
"299.714","5333","0.4966","0.14262","0.10400"
"299.814","5328","0.4969","0.14276","0.10400"
"299.914","5323","0.4972","0.14292","0.10400"
"300.014","5317","0.4976","0.14307","0.10400"
"300.114","5312","0.4979","0.14323","0.10400"
"300.214","5306","0.4982","0.14334","0.10400"
"300.314","5301","0.4986","0.14349","0.10400"
"300.414","5296","0.4989","0.14364","0.10400"
"300.514","5290","0.4992","0.14375","0.10400"
"300.614","5285","0.4996","0.14389","0.10400"
"300.714","5279","0.4999","0.14403","0.10400"
"300.814","5273","0.5002","0.14417","0.10400"
"300.914","5268","0.5006","0.14432","0.10400"
"301.014","5262","0.5009","0.14447","0.10400"
"301.114","5257","0.5012","0.14459","0.10400"
"301.214","5251","0.5016","0.14472","0.10400"
"301.314","5245","0.5019","0.14487","0.10400"
"301.414","5240","0.5022","0.14504","0.10400"
"301.514","5234","0.5026","0.14518","0.10400"
"301.614","5228","0.5029","0.14530","0.10400"
"301.714","5222","0.5032","0.14544","0.10400"
"301.814","5217","0.5036","0.14556","0.10400"
"301.914","5211","0.5039","0.14570","0.10400"
"302.014","5205","0.5042","0.14585","0.10400"
"302.114","5199","0.5046","0.14599","0.10400"
"302.214","5193","0.5049","0.14612","0.10400"
"302.314","5187","0.5052","0.14625","0.10400"
"302.414","5181","0.5056","0.14640","0.10400"
"302.514","5175","0.5059","0.14655","0.10400"
"302.614","5169","0.5062","0.14670","0.10400"
"302.714","5163","0.5066","0.14685","0.10400"
"302.814","5156","0.5069","0.14699","0.10400"
"302.914","5150","0.5072","0.14714","0.10400"
"303.014","5144","0.5076","0.14727","0.10400"
"303.114","5138","0.5079","0.14740","0.10400"
"303.214","5131","0.5082","0.14753","0.10400"
"303.314","5125","0.5086","0.14765","0.10400"
"303.414","5119","0.5089","0.14779","0.10400"
"303.514","5112","0.5092","0.14794","0.10400"
"303.614","5106","0.5096","0.14807","0.10400"
"303.714","5099","0.5099","0.14821","0.10400"
"303.814","5093","0.5102","0.14835","0.10400"
"303.914","5086","0.5106","0.14850","0.10400"
"304.014","5080","0.5109","0.14865","0.10400"
"304.114","5073","0.5112","0.14878","0.10400"
"304.214","5066","0.5116","0.14891","0.10400"
"304.314","5060","0.5119","0.14903","0.10400"
"304.414","5053","0.5122","0.14917","0.10400"
"304.514","5046","0.5126","0.14931","0.10400"
"304.614","5039","0.5129","0.14943","0.10400"
"304.714","5032","0.5132","0.14956","0.10400"
"304.814","5025","0.5136","0.14969","0.10400"
"304.914","5018","0.5139","0.14983","0.10400"
"305.014","5011","0.5142","0.14998","0.10400"
"305.114","5004","0.5146","0.15013","0.10400"
"305.214","4997","0.5149","0.15027","0.10400"
"305.314","4990","0.5152","0.15039","0.10400"
"305.414","4982","0.5156","0.15052","0.10400"
"305.514","4975","0.5159","0.15065","0.10400"
"305.614","4968","0.5162","0.15079","0.10400"
"305.714","4961","0.5166","0.15092","0.10400"
"305.814","4953","0.5169","0.15105","0.10400"
"305.914","4946","0.5172","0.15118","0.10400"
"306.014","4938","0.5176","0.15131","0.10400"
"306.114","4931","0.5179","0.15144","0.10400"
"306.214","4923","0.5182","0.15154","0.10400"
"306.314","4915","0.5186","0.15166","0.10400"
"306.414","4907","0.5189","0.15179","0.10400"
"306.514","4899","0.5192","0.15191","0.10400"
"306.614","4892","0.5196","0.15205","0.10400"
"306.714","4884","0.5199","0.15218","0.10400"
"306.814","4875","0.5202","0.15230","0.10400"
"306.914","4867","0.5206","0.15244","0.10400"
"307.014","4859","0.5209","0.15258","0.10400"
"307.114","4850","0.5212","0.15272","0.10400"
"307.214","4842","0.5216","0.15285","0.10400"
"307.314","4833","0.5219","0.15298","0.10400"
"307.414","4823","0.5222","0.15311","0.10400"
"307.514","4812","0.5226","0.15324","0.10400"
"307.614","4790","0.5229","0.15338","0.10400"
"307.680","4729","0.5231","0.15347","0.10400"
"307.682","4660","0.5231","0.15348","0.10400"
"307.683","4602","0.5231","0.15348","0.10400"
"307.684","4532","0.5231","0.15348","0.10400"
"307.685","4450","0.5231","0.15348","0.10400"
"307.686","4358","0.5231","0.15348","0.10400"
"307.687","4257","0.5231","0.15348","0.10400"
"307.688","4149","0.5231","0.15348","0.10400"
"307.689","4034","0.5231","0.15349","0.10400"
"307.690","3914","0.5231","0.15349","0.10400"
"307.691","3789","0.5232","0.15349","0.10400"
"307.692","3660","0.5232","0.15349","0.10400"
"307.693","3528","0.5232","0.15349","0.10400"
"307.694","3394","0.5232","0.15349","0.10400"
"307.695","3259","0.5232","0.15349","0.10400"
"307.696","3122","0.5232","0.15349","0.10400"
"307.697","2986","0.5232","0.15349","0.10400"
"307.698","2850","0.5232","0.15349","0.10400"

